pfa_name_safelives,financial_year,marac_count,cases_discussed,recommended_cases,cases_per_10k_adult_females,repeat_cases,repeat_cases_pct,children_in_household,housing_referrals,source
Avon and Somerset,2018-19,7.0,1711.0,2680.0,25.47639822394811,394.0,23.0,2034.0,35.0,SafeLives MARAC annual data 2018-19 England and Wales
Avon and Somerset,2019-20,7.0,1352.0,2680.0,20.13097042593679,256.0,18.93491124260355,1456.0,95.5,SafeLives MARAC annual data 2019-20 England and Wales
Avon and Somerset,2020-21,7.0,1296.0,2680.0,19.297143248531125,363.0,28.009259259259263,1298.0,19.5,SafeLives MARAC annual data 2020-21 England and Wales
Avon and Somerset,2021-22,7.0,1550.0,2680.0,23.07914508890682,401.0,25.870967741935484,1601.0,28.0,SafeLives MARAC annual data 2021-22 England and Wales
Avon and Somerset,2022-23,5.0,1910.0,2690.0,28.439462657943245,549.0,28.743455497382197,1918.0,29.0,SafeLives MARAC annual data 2022-23 England and Wales
Avon and Somerset,2023-24,5.0,1703.0,2950.0,23.02359411417972,428.0,25.132119788608335,1678.0,46.0,SafeLives MARAC annual data 2023-24 England and Wales
Avon and Somerset,2024-25,5.0,1972.0,2950.0,26.660321546190495,457.0,23.17444219066937,1739.0,41.0,SafeLives MARAC annual data 2024-25 England and Wales
Bedfordshire,2018-19,3.0,1086.0,990.0,43.92564189681114,375.0,35.0,1746.0,13.0,SafeLives MARAC annual data 2018-19 England and Wales
Bedfordshire,2019-20,3.0,1230.0,990.0,49.75003640246566,430.0,34.959349593495936,2107.0,26.0,SafeLives MARAC annual data 2019-20 England and Wales
Bedfordshire,2020-21,3.0,1167.0,990.0,47.20186380624181,346.0,29.648671808054843,1846.0,29.0,SafeLives MARAC annual data 2020-21 England and Wales
Bedfordshire,2021-22,3.0,1124.0,990.0,45.46263489135886,348.0,30.96085409252669,1709.0,44.0,SafeLives MARAC annual data 2021-22 England and Wales
Bedfordshire,2022-23,3.0,979.0,990.0,39.597793201637295,285.0,29.111338100102145,1614.0,31.0,SafeLives MARAC annual data 2022-23 England and Wales
Bedfordshire,2023-24,3.0,1194.0,1130.0,42.054099746407445,315.0,26.38190954773869,1699.0,42.0,SafeLives MARAC annual data 2023-24 England and Wales
Bedfordshire,2024-25,3.0,1407.0,1130.0,49.556213017751475,435.0,30.916844349680172,1800.0,27.0,SafeLives MARAC annual data 2024-25 England and Wales
Cambridgeshire,2018-19,1.0,1547.0,1310.0,47.06046981376587,763.0,49.0,1924.0,23.0,SafeLives MARAC annual data 2018-19 England and Wales
Cambridgeshire,2019-20,1.0,1450.0,1310.0,44.10968405298029,657.0,45.310344827586206,1894.0,16.0,SafeLives MARAC annual data 2019-20 England and Wales
Cambridgeshire,2020-21,1.0,1135.0,1310.0,34.527235448367335,452.0,39.82378854625551,1353.0,10.0,SafeLives MARAC annual data 2020-21 England and Wales
Cambridgeshire,2021-22,1.0,1074.0,1310.0,32.67158667096609,356.0,33.14711359404097,1198.0,18.0,SafeLives MARAC annual data 2021-22 England and Wales
Cambridgeshire,2022-23,1.0,1077.0,1310.0,32.76284808624812,357.0,33.147632311977716,1047.0,24.0,SafeLives MARAC annual data 2022-23 England and Wales
Cambridgeshire,2023-24,1.0,929.0,1480.0,25.03186240828611,333.0,35.84499461786868,1113.0,24.0,SafeLives MARAC annual data 2023-24 England and Wales
Cambridgeshire,2024-25,1.0,1159.0,1480.0,31.22920186351303,442.0,38.13632441760138,1405.0,19.0,SafeLives MARAC annual data 2024-25 England and Wales
Cheshire,2018-19,4.0,1772.0,1730.0,40.96683582055046,426.0,24.0,2367.0,19.0,SafeLives MARAC annual data 2018-19 England and Wales
Cheshire,2019-20,4.0,1872.0,1730.0,43.278734004554444,555.0,29.647435897435898,2499.0,26.0,SafeLives MARAC annual data 2019-20 England and Wales
Cheshire,2020-21,4.0,1728.0,1730.0,39.949600619588715,528.0,30.555555555555557,2263.0,20.0,SafeLives MARAC annual data 2020-21 England and Wales
Cheshire,2021-22,4.0,1815.0,1730.0,41.96095203967218,469.0,25.840220385674932,2365.0,12.0,SafeLives MARAC annual data 2021-22 England and Wales
Cheshire,2022-23,4.0,1732.0,1730.0,40.04207654694887,490.0,28.290993071593533,2171.0,17.0,SafeLives MARAC annual data 2022-23 England and Wales
Cheshire,2023-24,4.0,2190.0,1850.0,47.1974621127222,573.0,26.164383561643834,2311.0,18.0,SafeLives MARAC annual data 2023-24 England and Wales
Cheshire,2024-25,4.0,3009.0,1850.0,64.84801986172653,908.0,30.176138251910935,3493.0,32.0,SafeLives MARAC annual data 2024-25 England and Wales
City of London,2018-19,1.0,6.0,10.0,20.229265003371545,0.0,0.0,2.0,0.0,SafeLives MARAC annual data 2018-19 England and Wales
City of London,2019-20,1.0,7.0,10.0,23.600809170600137,4.0,57.14285714285714,1.0,0.0,SafeLives MARAC annual data 2019-20 England and Wales
City of London,2020-21,1.0,13.0,10.0,43.830074173971674,6.0,46.15384615384615,6.0,0.0,SafeLives MARAC annual data 2020-21 England and Wales
City of London,2021-22,1.0,18.0,10.0,60.687795010114634,7.0,38.88888888888889,6.0,2.0,SafeLives MARAC annual data 2021-22 England and Wales
City of London,2022-23,1.0,6.0,10.0,20.229265003371545,2.0,33.33333333333333,0.0,2.0,SafeLives MARAC annual data 2022-23 England and Wales
City of London,2023-24,1.0,12.0,10.0,33.52891869237217,7.0,58.333333333333336,5.0,2.0,SafeLives MARAC annual data 2023-24 England and Wales
City of London,2024-25,1.0,10.0,10.0,27.94076557697681,4.0,40.0,5.0,0.0,SafeLives MARAC annual data 2024-25 England and Wales
Cleveland,2018-19,4.0,825.0,930.0,35.44179812351789,228.0,28.0,890.0,2.0,SafeLives MARAC annual data 2018-19 England and Wales
Cleveland,2019-20,4.0,794.0,930.0,34.11004570917964,224.0,28.211586901763226,644.0,12.0,SafeLives MARAC annual data 2019-20 England and Wales
Cleveland,2020-21,4.0,755.0,930.0,32.43461525243152,210.0,27.81456953642384,564.0,14.0,SafeLives MARAC annual data 2020-21 England and Wales
Cleveland,2021-22,4.0,809.0,930.0,34.75444203869815,245.0,30.284301606922128,526.0,10.0,SafeLives MARAC annual data 2021-22 England and Wales
Cleveland,2022-23,4.0,767.0,930.0,32.95013231604633,252.0,32.85528031290743,470.0,6.0,SafeLives MARAC annual data 2022-23 England and Wales
Cleveland,2023-24,4.0,999.0,940.0,42.10712659956502,330.0,33.033033033033036,669.0,12.0,SafeLives MARAC annual data 2023-24 England and Wales
Cleveland,2024-25,4.0,1159.0,940.0,48.85101073963549,471.0,40.63848144952546,674.0,14.0,SafeLives MARAC annual data 2024-25 England and Wales
Cumbria,2018-19,3.0,781.0,850.0,36.64120704862349,171.0,22.0,746.0,33.0,SafeLives MARAC annual data 2018-19 England and Wales
Cumbria,2019-20,3.0,808.0,850.0,37.9079325163736,213.0,26.361386138613863,692.0,38.0,SafeLives MARAC annual data 2019-20 England and Wales
Cumbria,2020-21,3.0,761.0,850.0,35.70289188732712,210.0,27.595269382391592,730.0,33.0,SafeLives MARAC annual data 2020-21 England and Wales
Cumbria,2021-22,3.0,788.0,850.0,36.969617355077226,251.0,31.85279187817259,821.0,19.5,SafeLives MARAC annual data 2021-22 England and Wales
Cumbria,2022-23,3.0,1008.0,850.0,47.29108412933736,330.0,32.73809523809524,940.0,45.5,SafeLives MARAC annual data 2022-23 England and Wales
Cumbria,2023-24,3.0,1166.0,860.0,54.29164765372545,391.0,33.533447684391085,1211.0,44.5,SafeLives MARAC annual data 2023-24 England and Wales
Cumbria,2024-25,3.0,1236.0,860.0,57.551009005149794,421.0,34.06148867313916,1395.0,30.83,SafeLives MARAC annual data 2024-25 England and Wales
Derbyshire,2018-19,2.0,1212.0,1780.0,27.192935221582037,324.0,27.0,1315.0,48.0,SafeLives MARAC annual data 2018-19 England and Wales
Derbyshire,2019-20,2.0,1569.0,1780.0,35.202735447741105,461.0,29.381771829190566,1649.0,52.0,SafeLives MARAC annual data 2019-20 England and Wales
Derbyshire,2020-21,2.0,1599.0,1780.0,35.875827903720854,565.0,35.33458411507192,1570.0,54.0,SafeLives MARAC annual data 2020-21 England and Wales
Derbyshire,2021-22,2.0,1544.0,1780.0,34.64182506775797,576.0,37.30569948186528,1464.0,38.0,SafeLives MARAC annual data 2021-22 England and Wales
Derbyshire,2022-23,2.0,1520.0,1780.0,34.10335110297417,608.0,40.0,1464.0,23.0,SafeLives MARAC annual data 2022-23 England and Wales
Derbyshire,2023-24,2.0,1921.0,1780.0,43.16921839219943,746.0,38.833940655908386,1836.0,36.0,SafeLives MARAC annual data 2023-24 England and Wales
Derbyshire,2024-25,2.0,2432.0,1780.0,54.65254509621499,986.0,40.54276315789473,2184.0,36.0,SafeLives MARAC annual data 2024-25 England and Wales
Devon & Cornwall,2018-19,12.0,2420.0,2890.0,33.572689033661476,842.0,35.0,3001.0,9.0,SafeLives MARAC annual data 2018-19 England and Wales
Devon & Cornwall,2019-20,12.0,2522.0,2890.0,34.98773625739431,880.0,34.89294210943695,3043.0,14.0,SafeLives MARAC annual data 2019-20 England and Wales
Devon & Cornwall,2020-21,12.0,2452.0,2890.0,34.01662541757766,1014.0,41.35399673735726,2881.0,27.0,SafeLives MARAC annual data 2020-21 England and Wales
Devon & Cornwall,2021-22,12.0,2366.0,2890.0,32.82354638580291,948.0,40.0676246830093,2703.0,21.0,SafeLives MARAC annual data 2021-22 England and Wales
Devon & Cornwall,2022-23,12.0,2020.0,2890.0,28.02348423470917,778.0,38.51485148514852,2321.0,26.0,SafeLives MARAC annual data 2022-23 England and Wales
Devon & Cornwall,2023-24,12.0,2024.0,3130.0,26.031819526436962,792.0,39.130434782608695,2127.0,21.5,SafeLives MARAC annual data 2023-24 England and Wales
Devon & Cornwall,2024-25,12.0,2101.0,3130.0,27.022160486681845,746.0,35.506901475487865,2272.0,24.5,SafeLives MARAC annual data 2024-25 England and Wales
Dorset,2018-19,3.0,917.0,1280.0,28.641123906436913,121.0,13.0,1430.0,15.0,SafeLives MARAC annual data 2018-19 England and Wales
Dorset,2019-20,3.0,1176.0,1280.0,36.73060165100306,354.0,30.102040816326532,1581.0,29.0,SafeLives MARAC annual data 2019-20 England and Wales
Dorset,2020-21,2.0,1392.0,1280.0,43.4770386889424,350.0,25.143678160919542,1695.0,18.0,SafeLives MARAC annual data 2020-21 England and Wales
Dorset,2021-22,2.0,1365.0,1280.0,42.63373405919998,284.0,20.805860805860807,1813.0,22.0,SafeLives MARAC annual data 2021-22 England and Wales
Dorset,2022-23,2.0,1314.0,1280.0,41.04082531413098,327.0,24.885844748858446,1845.0,10.0,SafeLives MARAC annual data 2022-23 England and Wales
Dorset,2023-24,2.0,1268.0,1360.0,37.29905428659676,252.0,19.873817034700316,1957.0,18.0,SafeLives MARAC annual data 2023-24 England and Wales
Dorset,2024-25,2.0,1310.0,1360.0,38.53451192069539,211.0,16.106870229007633,2094.0,38.0,SafeLives MARAC annual data 2024-25 England and Wales
Durham,2018-19,2.0,659.0,1040.0,25.43733691540445,82.0,12.0,1048.0,6.0,SafeLives MARAC annual data 2018-19 England and Wales
Durham,2019-20,2.0,727.0,1040.0,28.062130405916594,111.0,15.268225584594223,1252.0,5.0,SafeLives MARAC annual data 2019-20 England and Wales
Durham,2020-21,2.0,751.0,1040.0,28.98852810845029,127.0,16.910785619174433,1396.0,1.0,SafeLives MARAC annual data 2020-21 England and Wales
Durham,2021-22,2.0,630.0,1040.0,24.317939691509565,104.0,16.507936507936506,1173.0,2.0,SafeLives MARAC annual data 2021-22 England and Wales
Durham,2022-23,2.0,718.0,1040.0,27.71473126746646,107.0,14.902506963788301,1411.0,16.0,SafeLives MARAC annual data 2022-23 England and Wales
Durham,2023-24,2.0,1021.0,1080.0,37.90733679610605,171.0,16.748285994123407,2001.0,9.0,SafeLives MARAC annual data 2023-24 England and Wales
Durham,2024-25,2.0,1280.0,1080.0,47.52339970520641,245.0,19.140625,2488.0,8.0,SafeLives MARAC annual data 2024-25 England and Wales
Essex,2018-19,9.0,2714.0,2890.0,37.56006288611855,496.0,18.0,3813.0,61.0,SafeLives MARAC annual data 2018-19 England and Wales
Essex,2019-20,9.0,2430.0,2890.0,33.62968047651735,434.0,17.86008230452675,3922.0,75.5,SafeLives MARAC annual data 2019-20 England and Wales
Essex,2020-21,9.0,2113.0,2890.0,29.242598702420228,468.0,22.14860388073829,3551.0,45.0,SafeLives MARAC annual data 2020-21 England and Wales
Essex,2021-22,6.0,2839.0,2880.0,39.289984721330356,585.0,20.60584712927087,4891.0,31.0,SafeLives MARAC annual data 2021-22 England and Wales
Essex,2022-23,6.0,2288.0,2880.0,31.664489271716747,511.0,22.333916083916083,3614.0,40.0,SafeLives MARAC annual data 2022-23 England and Wales
Essex,2023-24,6.0,2161.0,3110.0,27.650253087462318,465.0,21.51781582600648,3725.0,37.0,SafeLives MARAC annual data 2023-24 England and Wales
Essex,2024-25,6.0,2172.0,3110.0,27.79099940118841,473.0,21.777163904235728,3725.0,41.0,SafeLives MARAC annual data 2024-25 England and Wales
Gloucestershire,2018-19,4.0,83.0,1010.0,3.291143255931988,24.0,29.0,72.0,0.0,SafeLives MARAC annual data 2018-19 England and Wales
Gloucestershire,2019-20,1.0,119.0,1010.0,4.718627077782007,19.0,15.966386554621847,98.0,2.0,SafeLives MARAC annual data 2019-20 England and Wales
Gloucestershire,2020-21,1.0,32.0,1010.0,1.268874508311128,18.0,56.25,10.0,0.0,SafeLives MARAC annual data 2020-21 England and Wales
Gloucestershire,2021-22,1.0,141.0,1010.0,5.590978302245908,89.0,63.12056737588653,47.0,4.3,SafeLives MARAC annual data 2021-22 England and Wales
Gloucestershire,2022-23,1.0,271.0,1010.0,10.745780992259865,143.0,52.767527675276746,148.0,7.0,SafeLives MARAC annual data 2022-23 England and Wales
Gloucestershire,2023-24,1.0,398.0,1100.0,14.494442583069908,197.0,49.497487437185924,264.0,4.5,SafeLives MARAC annual data 2023-24 England and Wales
Gloucestershire,2024-25,1.0,426.0,1100.0,15.514152111527087,221.0,51.87793427230047,288.0,13.5,SafeLives MARAC annual data 2024-25 England and Wales
Greater Manchester,2018-19,11.0,5661.0,3860.0,58.613679320739834,1926.0,34.0,6713.0,270.0,SafeLives MARAC annual data 2018-19 England and Wales
Greater Manchester,2019-20,11.0,6880.0,3860.0,71.23513755991698,2460.0,35.75581395348838,7748.0,349.5,SafeLives MARAC annual data 2019-20 England and Wales
Greater Manchester,2020-21,12.0,10710.0,4380.0,97.67259253246976,4474.5,41.77871148459384,12132.0,210.5,SafeLives MARAC annual data 2020-21 England and Wales
Greater Manchester,2021-22,12.0,11782.0,4380.0,107.44897154225572,5169.5,43.876251909692755,13237.0,222.0,SafeLives MARAC annual data 2021-22 England and Wales
Greater Manchester,2022-23,12.0,11049.0,4380.0,100.76418999918377,4597.0,41.60557516517332,13271.0,290.5,SafeLives MARAC annual data 2022-23 England and Wales
Greater Manchester,2023-24,12.0,11515.0,4700.0,98.43815450900604,4732.0,41.09422492401216,14392.0,328.5,SafeLives MARAC annual data 2023-24 England and Wales
Greater Manchester,2024-25,12.0,11487.0,4700.0,98.19879121536714,4517.0,39.32271263167058,13871.0,226.8,SafeLives MARAC annual data 2024-25 England and Wales
Hampshire,2018-19,12.0,2225.0,3180.0,28.028459278742712,418.0,19.0,3294.0,19.5,SafeLives MARAC annual data 2018-19 England and Wales
Hampshire,2019-20,12.0,2592.0,3180.0,32.65158042719151,464.0,17.901234567901234,3803.0,27.0,SafeLives MARAC annual data 2019-20 England and Wales
Hampshire,2020-21,12.0,3356.0,3180.0,42.275734534589006,784.0,23.361144219308702,5167.0,24.5,SafeLives MARAC annual data 2020-21 England and Wales
Hampshire,2021-22,12.0,3287.0,3180.0,41.40653737043924,732.0,22.269546699117736,5264.0,8.0,SafeLives MARAC annual data 2021-22 England and Wales
Hampshire,2022-23,12.0,3723.0,3180.0,46.8988556830378,847.0,22.750470051034114,5894.0,12.5,SafeLives MARAC annual data 2022-23 England and Wales
Hampshire,2023-24,12.0,4541.0,3410.0,53.697068596497445,1222.0,26.910372164721423,7452.0,28.0,SafeLives MARAC annual data 2023-24 England and Wales
Hampshire,2024-25,12.0,4577.0,3410.0,54.122766563789654,1155.0,25.234870002184838,6067.0,35.33,SafeLives MARAC annual data 2024-25 England and Wales
Hertfordshire,2018-19,5.0,1343.0,1840.0,29.21718396818525,387.0,29.0,1918.0,29.0,SafeLives MARAC annual data 2018-19 England and Wales
Hertfordshire,2019-20,5.0,1275.0,1840.0,27.737832881188528,426.0,33.411764705882355,1482.0,40.0,SafeLives MARAC annual data 2019-20 England and Wales
Hertfordshire,2020-21,5.0,1180.0,1840.0,25.67109239200193,374.0,31.694915254237287,1330.0,9.0,SafeLives MARAC annual data 2020-21 England and Wales
Hertfordshire,2021-22,5.0,1451.0,1840.0,31.56674157694475,509.0,35.079255685733976,1652.0,9.0,SafeLives MARAC annual data 2021-22 England and Wales
Hertfordshire,2022-23,5.0,1235.0,1840.0,26.867626359425753,446.0,36.11336032388664,1334.0,15.0,SafeLives MARAC annual data 2022-23 England and Wales
Hertfordshire,2023-24,5.0,1281.0,1990.0,25.81349798086456,397.0,30.991412958626075,1385.0,7.0,SafeLives MARAC annual data 2023-24 England and Wales
Hertfordshire,2024-25,5.0,1480.0,1990.0,29.82355738616671,462.0,31.216216216216214,1720.0,21.0,SafeLives MARAC annual data 2024-25 England and Wales
Humberside,2018-19,4.0,2033.0,1540.0,52.94932699920823,962.0,47.0,2293.0,12.5,SafeLives MARAC annual data 2018-19 England and Wales
Humberside,2019-20,4.0,2247.0,1540.0,58.52294036754594,1008.0,44.85981308411215,2431.0,10.0,SafeLives MARAC annual data 2019-20 England and Wales
Humberside,2020-21,4.0,2965.0,1540.0,77.22319456598741,1320.0,44.51939291736931,3082.0,6.0,SafeLives MARAC annual data 2020-21 England and Wales
Humberside,2021-22,4.0,3291.0,1540.0,85.71383922990374,1538.0,46.73351564873898,3176.0,10.0,SafeLives MARAC annual data 2021-22 England and Wales
Humberside,2022-23,4.0,3239.0,1540.0,84.35950327124225,1448.0,44.70515591231862,3203.0,17.0,SafeLives MARAC annual data 2022-23 England and Wales
Humberside,2023-24,4.0,4098.0,1560.0,104.27560515729128,1844.0,44.9975597852611,4163.0,29.5,SafeLives MARAC annual data 2023-24 England and Wales
Humberside,2024-25,4.0,4566.0,1560.0,116.18409300834357,2390.0,52.343407796758655,4035.0,35.5,SafeLives MARAC annual data 2024-25 England and Wales
Kent,2018-19,13.0,2368.0,2880.0,33.02944753785554,755.0,32.0,3189.0,42.0,SafeLives MARAC annual data 2018-19 England and Wales
Kent,2019-20,13.0,2419.0,2880.0,33.74080810560496,675.0,27.90409260024804,3229.0,46.5,SafeLives MARAC annual data 2019-20 England and Wales
Kent,2020-21,13.0,2755.0,2880.0,38.427418904895276,865.0,31.397459165154263,3567.0,59.0,SafeLives MARAC annual data 2020-21 England and Wales
Kent,2021-22,13.0,2689.0,2880.0,37.50683464074896,851.0,31.64745258460394,3418.0,67.5,SafeLives MARAC annual data 2021-22 England and Wales
Kent,2022-23,13.0,2763.0,2880.0,38.53900487630695,1056.0,38.219326818675356,3652.0,119.0,SafeLives MARAC annual data 2022-23 England and Wales
Kent,2023-24,13.0,2905.0,3100.0,37.392825468826224,1016.0,34.97418244406197,3717.0,162.5,SafeLives MARAC annual data 2023-24 England and Wales
Kent,2024-25,6.0,2816.0,3100.0,36.24722771780194,855.0,30.36221590909091,3279.0,174.82999999999998,SafeLives MARAC annual data 2024-25 England and Wales
Lancashire,2018-19,10.0,3776.0,2440.0,62.007764107751626,1018.0,27.0,5055.0,15.0,SafeLives MARAC annual data 2018-19 England and Wales
Lancashire,2019-20,10.0,3045.0,2440.0,50.00361274049357,616.0,20.229885057471265,3274.0,32.5,SafeLives MARAC annual data 2019-20 England and Wales
Lancashire,2020-21,10.0,2484.0,2440.0,40.79112448190018,294.0,11.83574879227053,3758.0,24.0,SafeLives MARAC annual data 2020-21 England and Wales
Lancashire,2021-22,10.0,2816.0,2440.0,46.243078317645285,503.0,17.86221590909091,4445.0,23.0,SafeLives MARAC annual data 2021-22 England and Wales
Lancashire,2022-23,9.0,2740.0,2200.0,49.896746513601414,525.0,19.16058394160584,4100.0,13.0,SafeLives MARAC annual data 2022-23 England and Wales
Lancashire,2023-24,2.0,819.0,480.0,68.27218846124991,171.0,20.87912087912088,1133.0,0.0,SafeLives MARAC annual data 2023-24 England and Wales
Lancashire,2024-25,2.0,976.0,480.0,81.35977526029292,106.0,10.860655737704917,1332.0,0.0,SafeLives MARAC annual data 2024-25 England and Wales
Leicestershire,2018-19,3.0,1610.0,1670.0,38.494644223412394,759.0,47.0,1936.0,0.0,SafeLives MARAC annual data 2018-19 England and Wales
Leicestershire,2019-20,3.0,1346.0,1670.0,32.18247895944912,702.0,52.15453194650818,1580.0,1.0,SafeLives MARAC annual data 2019-20 England and Wales
Leicestershire,2020-21,3.0,890.0,1670.0,21.2796480489671,395.0,44.38202247191011,1078.0,3.0,SafeLives MARAC annual data 2020-21 England and Wales
Leicestershire,2021-22,3.0,774.0,1670.0,18.50612088752869,280.0,36.17571059431525,932.0,0.0,SafeLives MARAC annual data 2021-22 England and Wales
Leicestershire,2022-23,3.0,926.0,1670.0,22.140397857689365,309.0,33.36933045356372,1149.0,24.0,SafeLives MARAC annual data 2022-23 England and Wales
Leicestershire,2023-24,3.0,1241.0,1870.0,26.646225726383413,446.0,35.93875906526994,1600.0,22.0,SafeLives MARAC annual data 2023-24 England and Wales
Leicestershire,2024-25,3.0,1336.0,1870.0,28.68602543952316,406.0,30.389221556886227,1617.0,23.0,SafeLives MARAC annual data 2024-25 England and Wales
Lincolnshire,2018-19,2.0,807.0,1220.0,26.351966927791693,136.0,17.0,1042.0,40.0,SafeLives MARAC annual data 2018-19 England and Wales
Lincolnshire,2019-20,2.0,996.0,1220.0,32.52361717482097,203.0,20.38152610441767,1237.0,37.0,SafeLives MARAC annual data 2019-20 England and Wales
Lincolnshire,2020-21,1.0,898.0,1220.0,29.3235022319169,172.0,19.15367483296214,1173.0,33.0,SafeLives MARAC annual data 2020-21 England and Wales
Lincolnshire,2021-22,1.0,987.0,1220.0,32.22972906781958,228.0,23.10030395136778,1359.0,24.0,SafeLives MARAC annual data 2021-22 England and Wales
Lincolnshire,2022-23,1.0,1059.0,1220.0,34.58083392383073,263.0,24.834749763928237,1426.0,41.0,SafeLives MARAC annual data 2022-23 England and Wales
Lincolnshire,2023-24,1.0,1162.0,1320.0,35.2826865852918,305.0,26.247848537005165,1804.0,67.0,SafeLives MARAC annual data 2023-24 England and Wales
Lincolnshire,2024-25,1.0,1378.0,1320.0,41.841258274124,381.0,27.64876632801161,2179.0,74.0,SafeLives MARAC annual data 2024-25 England and Wales
Merseyside,2018-19,5.0,4272.0,2350.0,72.60716189090738,1244.0,29.0,6178.0,72.5,SafeLives MARAC annual data 2018-19 England and Wales
Merseyside,2019-20,5.0,4670.0,2350.0,79.37159317194228,1419.0,30.385438972162742,6692.0,64.3,SafeLives MARAC annual data 2019-20 England and Wales
Merseyside,2020-21,5.0,4941.0,2350.0,83.97752502410424,1882.0,38.089455575794375,6486.0,58.1,SafeLives MARAC annual data 2020-21 England and Wales
Merseyside,2021-22,5.0,5119.0,2350.0,87.00282343622538,2039.0,39.83199843719476,6759.0,81.5,SafeLives MARAC annual data 2021-22 England and Wales
Merseyside,2022-23,5.0,4840.0,2350.0,82.26092311610292,1790.0,36.98347107438016,6924.0,79.0,SafeLives MARAC annual data 2022-23 England and Wales
Merseyside,2023-24,5.0,5079.0,2440.0,83.1923316948206,1864.0,36.700137822405985,6667.0,69.5,SafeLives MARAC annual data 2023-24 England and Wales
Merseyside,2024-25,5.0,4349.0,2440.0,71.23517435337168,1400.0,32.191308346746375,6367.0,68.2,SafeLives MARAC annual data 2024-25 England and Wales
Metropolitan Police,2018-19,32.0,12518.0,13370.0,37.44329142025772,2821.0,23.0,13480.0,356.3,SafeLives MARAC annual data 2018-19 England and Wales
Metropolitan Police,2019-20,32.0,13066.0,13370.0,39.08244493506051,3030.0,23.189958671360785,13699.0,448.1,SafeLives MARAC annual data 2019-20 England and Wales
Metropolitan Police,2020-21,32.0,15960.0,13370.0,47.73885054060659,4015.0,25.156641604010026,16531.0,581.5,SafeLives MARAC annual data 2020-21 England and Wales
Metropolitan Police,2021-22,31.0,16839.0,12960.0,51.94352502783956,4388.0,26.05855454599442,17379.0,640.0999999999999,SafeLives MARAC annual data 2021-22 England and Wales
Metropolitan Police,2022-23,29.0,15665.0,11960.0,52.36916567711843,4115.0,26.268751994893076,15874.0,476.5,SafeLives MARAC annual data 2022-23 England and Wales
Metropolitan Police,2023-24,29.0,15365.0,13040.0,47.098138543013796,4141.0,26.95086234949561,15548.0,485.33,SafeLives MARAC annual data 2023-24 England and Wales
Metropolitan Police,2024-25,30.0,16585.0,13760.0,48.18908134497077,3828.0,23.081097377148023,16264.0,565.93,SafeLives MARAC annual data 2024-25 England and Wales
Norfolk,2018-19,3.0,1791.0,1460.0,48.80654242027038,467.0,26.0,1948.0,89.0,SafeLives MARAC annual data 2018-19 England and Wales
Norfolk,2019-20,3.0,1176.0,1460.0,32.04717693257285,353.0,30.017006802721085,1294.0,47.0,SafeLives MARAC annual data 2019-20 England and Wales
Norfolk,2020-21,3.0,1057.0,1460.0,28.804307838205357,280.0,26.490066225165563,1164.0,23.0,SafeLives MARAC annual data 2020-21 England and Wales
Norfolk,2021-22,3.0,1004.0,1460.0,27.36000479617614,257.0,25.59760956175299,1034.0,26.0,SafeLives MARAC annual data 2021-22 England and Wales
Norfolk,2022-23,,,,,,,,,SafeLives MARAC annual data 2022-23 England and Wales
Norfolk,2023-24,0.0,0.0,0.0,,0.0,,0.0,0.0,SafeLives MARAC annual data 2023-24 England and Wales
Norfolk,2024-25,,,,,,,,,SafeLives MARAC annual data 2024-25 England and Wales
North Yorkshire,2018-19,5.0,864.0,1350.0,25.403023077352795,184.0,21.0,1022.0,6.0,SafeLives MARAC annual data 2018-19 England and Wales
North Yorkshire,2019-20,5.0,1247.0,1350.0,36.66385390909599,449.0,36.00641539695268,1906.0,7.0,SafeLives MARAC annual data 2019-20 England and Wales
North Yorkshire,2020-21,5.0,1441.0,1350.0,42.36777344266826,541.0,37.543372657876475,2177.0,3.0,SafeLives MARAC annual data 2020-21 England and Wales
North Yorkshire,2021-22,5.0,1871.0,1350.0,55.01048168718411,790.0,42.22340994120791,3077.0,8.0,SafeLives MARAC annual data 2021-22 England and Wales
North Yorkshire,2022-23,5.0,1933.0,1350.0,56.833383806160825,695.0,35.95447490946715,3100.0,9.0,SafeLives MARAC annual data 2022-23 England and Wales
North Yorkshire,2023-24,5.0,1966.0,1430.0,55.29088178550737,719.0,36.571719226856565,3271.0,5.0,SafeLives MARAC annual data 2023-24 England and Wales
North Yorkshire,2024-25,5.0,1822.0,1430.0,51.24109186835933,621.0,34.0834248079034,3119.0,14.0,SafeLives MARAC annual data 2024-25 England and Wales
Northamptonshire,2018-19,5.0,1108.0,1140.0,39.15720132031863,375.0,34.0,1478.0,12.0,SafeLives MARAC annual data 2018-19 England and Wales
Northamptonshire,2019-20,5.0,1261.0,1140.0,44.56428778422544,408.0,32.35527359238699,1603.0,10.0,SafeLives MARAC annual data 2019-20 England and Wales
Northamptonshire,2020-21,5.0,1524.0,1140.0,53.858822032640425,604.0,39.63254593175853,1953.0,14.5,SafeLives MARAC annual data 2020-21 England and Wales
Northamptonshire,2021-22,5.0,1538.0,1140.0,54.3535881143051,568.0,36.93107932379714,2302.0,19.0,SafeLives MARAC annual data 2021-22 England and Wales
Northamptonshire,2022-23,5.0,1503.0,1140.0,53.11667291014341,652.0,43.37990685296075,2296.0,18.0,SafeLives MARAC annual data 2022-23 England and Wales
Northamptonshire,2023-24,5.0,1510.0,1290.0,46.77688664194617,622.0,41.19205298013245,2492.0,29.0,SafeLives MARAC annual data 2023-24 England and Wales
Northamptonshire,2024-25,5.0,1473.0,1290.0,45.63069802886536,657.0,44.602851323828915,2426.0,34.5,SafeLives MARAC annual data 2024-25 England and Wales
Northumbria,2018-19,6.0,3524.0,2430.0,58.13080751345636,1128.0,32.0,5595.0,162.0,SafeLives MARAC annual data 2018-19 England and Wales
Northumbria,2019-20,6.0,3615.0,2430.0,59.63191519896275,1156.0,31.977869986168738,5911.0,193.5,SafeLives MARAC annual data 2019-20 England and Wales
Northumbria,2020-21,6.0,3496.0,2430.0,57.668928225608234,1077.0,30.80663615560641,4655.0,103.0,SafeLives MARAC annual data 2020-21 England and Wales
Northumbria,2021-22,6.0,3066.0,2430.0,50.575782019369235,870.0,28.37573385518591,4426.0,66.5,SafeLives MARAC annual data 2021-22 England and Wales
Northumbria,2022-23,6.0,2993.0,2430.0,49.371596733193776,804.0,26.862679585699965,4290.0,72.0,SafeLives MARAC annual data 2022-23 England and Wales
Northumbria,2023-24,6.0,2999.0,2480.0,48.44097276063473,866.0,28.87629209736579,4655.0,91.0,SafeLives MARAC annual data 2023-24 England and Wales
Northumbria,2024-25,6.0,3504.0,2480.0,56.597922158474184,891.0,25.42808219178082,5083.0,65.5,SafeLives MARAC annual data 2024-25 England and Wales
Nottinghamshire,2018-19,3.0,1784.0,1820.0,39.25978578769347,435.0,24.0,2306.0,76.4,SafeLives MARAC annual data 2018-19 England and Wales
Nottinghamshire,2019-20,3.0,1994.0,1820.0,43.88117312817308,494.0,24.77432296890672,2486.0,77.9,SafeLives MARAC annual data 2019-20 England and Wales
Nottinghamshire,2020-21,3.0,2008.0,1820.0,44.18926561753839,668.0,33.266932270916335,2430.0,72.5,SafeLives MARAC annual data 2020-21 England and Wales
Nottinghamshire,2021-22,3.0,2405.0,1820.0,52.92588835168317,751.0,31.22661122661123,3245.0,104.5,SafeLives MARAC annual data 2021-22 England and Wales
Nottinghamshire,2022-23,3.0,2698.0,1820.0,59.3738240219714,1035.0,38.36174944403262,3582.0,61.0,SafeLives MARAC annual data 2022-23 England and Wales
Nottinghamshire,2023-24,3.0,2616.0,1940.0,53.967297797985715,872.0,33.33333333333333,3655.0,53.0,SafeLives MARAC annual data 2023-24 England and Wales
Nottinghamshire,2024-25,3.0,2179.0,1940.0,44.95211846399498,592.0,27.168425883432768,2336.0,62.5,SafeLives MARAC annual data 2024-25 England and Wales
South Yorkshire,2018-19,4.0,2169.0,2240.0,38.790328349667355,747.0,34.0,2585.0,64.5,SafeLives MARAC annual data 2018-19 England and Wales
South Yorkshire,2019-20,4.0,2618.0,2240.0,46.82023034551828,910.0,34.75935828877005,2922.0,77.0,SafeLives MARAC annual data 2019-20 England and Wales
South Yorkshire,2020-21,4.0,3273.0,2240.0,58.534229916303026,1093.0,33.3944393522762,3395.0,63.5,SafeLives MARAC annual data 2020-21 England and Wales
South Yorkshire,2021-22,4.0,3552.0,2240.0,63.52385721439302,1179.0,33.192567567567565,4121.0,52.0,SafeLives MARAC annual data 2021-22 England and Wales
South Yorkshire,2022-23,4.0,3334.0,2240.0,59.62515201373489,1041.0,31.22375524895021,4558.0,66.5,SafeLives MARAC annual data 2022-23 England and Wales
South Yorkshire,2023-24,4.0,3533.0,2290.0,61.52469085279525,1038.0,29.380130200962356,4161.0,59.83,SafeLives MARAC annual data 2023-24 England and Wales
South Yorkshire,2024-25,4.0,3778.0,2290.0,65.79119219979069,1212.0,32.08046585494971,4670.0,49.24,SafeLives MARAC annual data 2024-25 England and Wales
Staffordshire,2018-19,3.0,1460.0,1820.0,31.96902945530029,262.0,18.0,1624.0,2.0,SafeLives MARAC annual data 2018-19 England and Wales
Staffordshire,2019-20,3.0,1332.0,1820.0,29.16626522908218,243.0,18.243243243243242,1571.0,4.0,SafeLives MARAC annual data 2019-20 England and Wales
Staffordshire,2020-21,10.0,1769.0,1800.0,42.39672748869457,369.0,20.859242509892596,2090.0,11.0,SafeLives MARAC annual data 2020-21 England and Wales
Staffordshire,2021-22,10.0,2001.0,1800.0,44.50989071609541,428.0,21.38930534732634,2444.0,8.0,SafeLives MARAC annual data 2021-22 England and Wales
Staffordshire,2022-23,10.0,1934.0,1800.0,43.01955454519167,393.0,20.320579110651497,2569.0,6.5,SafeLives MARAC annual data 2022-23 England and Wales
Staffordshire,2023-24,10.0,1942.0,1900.0,41.01026312455125,307.0,15.80844490216272,2681.0,8.0,SafeLives MARAC annual data 2023-24 England and Wales
Staffordshire,2024-25,10.0,2097.0,1900.0,44.28348186003295,404.0,19.26561754887935,2892.0,3.0,SafeLives MARAC annual data 2024-25 England and Wales
Suffolk,2018-19,3.0,1807.0,1210.0,59.68088725365533,552.0,31.0,2040.0,4.0,SafeLives MARAC annual data 2018-19 England and Wales
Suffolk,2019-20,3.0,1696.0,1210.0,56.014822790370474,801.0,47.22877358490566,1953.0,2.5,SafeLives MARAC annual data 2019-20 England and Wales
Suffolk,2020-21,3.0,1669.0,1210.0,55.12307738038226,534.0,31.99520671060515,1903.0,5.0,SafeLives MARAC annual data 2020-21 England and Wales
Suffolk,2021-22,3.0,1415.0,1210.0,46.73406500493763,361.0,25.512367491166078,1547.0,15.0,SafeLives MARAC annual data 2021-22 England and Wales
Suffolk,2022-23,3.0,1132.0,1210.0,37.3872520039501,243.0,21.46643109540636,1364.0,13.5,SafeLives MARAC annual data 2022-23 England and Wales
Suffolk,2023-24,3.0,998.0,1060.0,37.74940898345154,187.0,18.7374749498998,1109.0,28.0,SafeLives MARAC annual data 2023-24 England and Wales
Suffolk,2024-25,3.0,1023.0,1060.0,38.695035460992905,211.0,20.625610948191593,1098.0,23.0,SafeLives MARAC annual data 2024-25 England and Wales
Surrey,2018-19,4.0,1028.0,1880.0,21.823075992281254,318.0,31.0,1296.0,9.0,SafeLives MARAC annual data 2018-19 England and Wales
Surrey,2019-20,4.0,1314.0,1880.0,27.894476511534602,386.0,29.37595129375951,1891.0,9.0,SafeLives MARAC annual data 2019-20 England and Wales
Surrey,2020-21,4.0,1392.0,1880.0,29.550313016785513,510.0,36.637931034482754,2066.0,5.0,SafeLives MARAC annual data 2020-21 England and Wales
Surrey,2021-22,4.0,1485.0,1880.0,31.524579619200065,513.0,34.54545454545455,2204.0,3.0,SafeLives MARAC annual data 2021-22 England and Wales
Surrey,2022-23,4.0,1593.0,1880.0,33.81727631877825,443.0,27.809165097300692,2281.0,25.0,SafeLives MARAC annual data 2022-23 England and Wales
Surrey,2023-24,4.0,1614.0,2010.0,32.05949479480136,395.0,24.473358116480792,2230.0,10.0,SafeLives MARAC annual data 2023-24 England and Wales
Surrey,2024-25,4.0,1868.0,2010.0,37.10479323214928,463.0,24.785867237687366,2603.0,12.0,SafeLives MARAC annual data 2024-25 England and Wales
Sussex,2018-19,7.0,2421.0,2760.0,35.04033763775151,616.0,25.0,2982.0,26.0,SafeLives MARAC annual data 2018-19 England and Wales
Sussex,2019-20,7.0,2745.0,2760.0,39.729750853212686,945.0,34.42622950819672,3265.0,59.0,SafeLives MARAC annual data 2019-20 England and Wales
Sussex,2020-21,7.0,2838.0,2760.0,41.07578612802098,981.0,34.56659619450317,3761.0,45.5,SafeLives MARAC annual data 2020-21 England and Wales
Sussex,2021-22,7.0,3044.0,2760.0,44.05732662920926,1020.0,33.50854139290407,4276.0,60.0,SafeLives MARAC annual data 2021-22 England and Wales
Sussex,2022-23,8.0,3055.0,2760.0,44.21653510257368,1032.0,33.780687397708675,3697.0,54.0,SafeLives MARAC annual data 2022-23 England and Wales
Sussex,2023-24,8.0,3436.0,2940.0,46.471305051117085,1109.0,32.275902211874275,3942.0,75.5,SafeLives MARAC annual data 2023-24 England and Wales
Sussex,2024-25,9.0,3525.0,2940.0,47.67469224464623,1185.0,33.61702127659574,4048.0,67.5,SafeLives MARAC annual data 2024-25 England and Wales
Thames Valley,2018-19,12.0,1610.0,3490.0,18.428073854225925,510.0,32.0,2296.0,30.0,SafeLives MARAC annual data 2018-19 England and Wales
Thames Valley,2019-20,11.0,1864.0,3490.0,21.33536003992368,633.0,33.95922746781116,2286.0,49.0,SafeLives MARAC annual data 2019-20 England and Wales
Thames Valley,2020-21,11.0,1975.0,3490.0,22.605866995090807,676.0,34.22784810126582,2346.0,50.0,SafeLives MARAC annual data 2020-21 England and Wales
Thames Valley,2021-22,11.0,1533.0,3490.0,17.54673119163251,484.0,31.57208088714938,1695.0,43.0,SafeLives MARAC annual data 2021-22 England and Wales
Thames Valley,2022-23,11.0,1656.0,3490.0,18.95459025006095,481.0,29.045893719806763,1926.0,77.0,SafeLives MARAC annual data 2022-23 England and Wales
Thames Valley,2023-24,11.0,1634.0,3910.0,16.72037173663675,440.0,26.92778457772338,1996.0,70.0,SafeLives MARAC annual data 2023-24 England and Wales
Thames Valley,2024-25,11.0,1531.0,3910.0,15.666394815661484,396.0,25.865447419986936,1983.0,70.0,SafeLives MARAC annual data 2024-25 England and Wales
Warwickshire,2018-19,3.0,830.0,910.0,36.32210265588965,259.0,31.0,863.0,7.0,SafeLives MARAC annual data 2018-19 England and Wales
Warwickshire,2019-20,3.0,864.0,910.0,37.80999601769718,246.0,28.47222222222222,937.0,5.0,SafeLives MARAC annual data 2019-20 England and Wales
Warwickshire,2020-21,3.0,668.0,910.0,29.232728402571432,145.0,21.706586826347305,655.0,4.0,SafeLives MARAC annual data 2020-21 England and Wales
Warwickshire,2021-22,3.0,729.0,910.0,31.902184139931993,221.0,30.315500685871054,840.0,12.0,SafeLives MARAC annual data 2021-22 England and Wales
Warwickshire,2022-23,3.0,827.0,910.0,36.19081794749487,262.0,31.680773881499398,935.0,5.0,SafeLives MARAC annual data 2022-23 England and Wales
Warwickshire,2023-24,3.0,986.0,920.0,42.89978158529051,313.0,31.74442190669371,1002.0,55.0,SafeLives MARAC annual data 2023-24 England and Wales
Warwickshire,2024-25,3.0,1176.0,920.0,51.16647377718219,337.0,28.656462585034014,1234.0,44.0,SafeLives MARAC annual data 2024-25 England and Wales
West Mercia,2018-19,4.0,1358.0,2040.0,26.520018903813178,349.0,26.0,1873.0,55.0,SafeLives MARAC annual data 2018-19 England and Wales
West Mercia,2019-20,4.0,1358.0,2040.0,26.520018903813178,348.0,25.625920471281294,1752.0,74.0,SafeLives MARAC annual data 2019-20 England and Wales
West Mercia,2020-21,4.0,1283.0,2040.0,25.05536395698992,309.0,24.084177708495712,1690.0,52.0,SafeLives MARAC annual data 2020-21 England and Wales
West Mercia,2021-22,4.0,1200.0,2040.0,23.434479149172176,327.0,27.250000000000004,1577.0,81.0,SafeLives MARAC annual data 2021-22 England and Wales
West Mercia,2022-23,4.0,1242.0,2040.0,24.2546859193932,307.0,24.71819645732689,1810.0,54.0,SafeLives MARAC annual data 2022-23 England and Wales
West Mercia,2023-24,4.0,1263.0,2220.0,22.826676305801552,351.0,27.790973871733964,1607.0,76.0,SafeLives MARAC annual data 2023-24 England and Wales
West Mercia,2024-25,4.0,1568.0,2220.0,28.339056569672874,438.0,27.933673469387756,1677.0,91.0,SafeLives MARAC annual data 2024-25 England and Wales
West Yorkshire,2018-19,5.0,6770.0,3760.0,72.28997998945015,3213.0,47.0,9101.0,253.0,SafeLives MARAC annual data 2018-19 England and Wales
West Yorkshire,2019-20,5.0,6986.0,3760.0,74.59642543667633,2887.0,41.32550815917549,9326.0,251.0,SafeLives MARAC annual data 2019-20 England and Wales
West Yorkshire,2020-21,5.0,6810.0,3760.0,72.71709951671426,2579.0,37.87077826725404,9852.0,161.0,SafeLives MARAC annual data 2020-21 England and Wales
West Yorkshire,2021-22,5.0,5493.0,3760.0,58.65418908154353,1868.0,34.00691789550337,7768.0,90.0,SafeLives MARAC annual data 2021-22 England and Wales
West Yorkshire,2022-23,5.0,4767.0,3760.0,50.90196966169998,1490.0,31.25655548563038,6632.0,94.0,SafeLives MARAC annual data 2022-23 England and Wales
West Yorkshire,2023-24,5.0,4879.0,3880.0,50.265700433321456,1026.0,21.0288993646239,7130.0,31.5,SafeLives MARAC annual data 2023-24 England and Wales
West Yorkshire,2024-25,5.0,4667.0,3880.0,48.08157899616954,872.0,18.684379687165205,6031.0,56.5,SafeLives MARAC annual data 2024-25 England and Wales
Wiltshire,2018-19,3.0,1143.0,1120.0,40.98772161340295,369.0,32.0,1695.0,63.5,SafeLives MARAC annual data 2018-19 England and Wales
Wiltshire,2019-20,3.0,1178.0,1120.0,42.242813701302424,381.0,32.34295415959253,1669.0,74.0,SafeLives MARAC annual data 2019-20 England and Wales
Wiltshire,2020-21,3.0,1279.0,1120.0,45.86465086924092,497.0,38.858483189992185,1528.0,74.0,SafeLives MARAC annual data 2020-21 England and Wales
Wiltshire,2021-22,3.0,1236.0,1120.0,44.322680589821566,504.0,40.77669902912621,1333.0,71.5,SafeLives MARAC annual data 2021-22 England and Wales
Wiltshire,2022-23,2.0,1342.0,1120.0,48.12381662745998,540.0,40.23845007451565,1718.0,87.0,SafeLives MARAC annual data 2022-23 England and Wales
Wiltshire,2023-24,2.0,1339.0,1240.0,43.35802916871746,529.0,39.50709484690067,1377.0,43.0,SafeLives MARAC annual data 2023-24 England and Wales
Wiltshire,2024-25,2.0,1226.0,1240.0,39.69898712535295,403.0,32.87112561174552,923.0,68.0,SafeLives MARAC annual data 2024-25 England and Wales
