lad24cd,la_name,period,total_assessments,owed_duty,prevention_duty,relief_duty,households_in_ta,support_needs_total,mental_health,learning_disability,drug_dependency,alcohol_dependency,rough_sleeping_history,source
E06000001,Hartlepool,2025Q3,149,103,62,41,16,39,24,2,8,3,9,"MHCLG Statutory Homelessness Detailed Local Authority Data Oct-Dec 2025, published 30 April 2026"
E06000002,Middlesbrough,2025Q3,459,448,121,327,114,399,286,75,71,212,90,"MHCLG Statutory Homelessness Detailed Local Authority Data Oct-Dec 2025, published 30 April 2026"
E06000003,Redcar & Cleveland,2025Q3,56,56,18,38,21,16,7,0,2,5,4,"MHCLG Statutory Homelessness Detailed Local Authority Data Oct-Dec 2025, published 30 April 2026"
E06000004,Stockton-on-Tees,2025Q3,598,420,215,205,70,390,273,57,45,157,88,"MHCLG Statutory Homelessness Detailed Local Authority Data Oct-Dec 2025, published 30 April 2026"
E06000005,Darlington,2025Q3,393,325,194,131,83,270,168,15,47,95,61,"MHCLG Statutory Homelessness Detailed Local Authority Data Oct-Dec 2025, published 30 April 2026"
E06000006,Halton,2025Q3,359,352,164,188,109,228,46,10,13,29,11,"MHCLG Statutory Homelessness Detailed Local Authority Data Oct-Dec 2025, published 30 April 2026"
E06000007,Warrington,2025Q3,392,374,206,168,187,334,182,61,24,61,57,"MHCLG Statutory Homelessness Detailed Local Authority Data Oct-Dec 2025, published 30 April 2026"
E06000008,Blackburn with Darwen,2025Q3,302,296,98,198,44,221,134,34,33,57,90,"MHCLG Statutory Homelessness Detailed Local Authority Data Oct-Dec 2025, published 30 April 2026"
E06000009,Blackpool,2025Q3,431,426,186,240,124,281,135,23,52,61,61,"MHCLG Statutory Homelessness Detailed Local Authority Data Oct-Dec 2025, published 30 April 2026"
E06000010,Kingston upon Hull,2025Q3,927,855,389,466,224,506,340,41,67,103,101,"MHCLG Statutory Homelessness Detailed Local Authority Data Oct-Dec 2025, published 30 April 2026"
E06000011,East Riding of Yorkshire,2025Q3,323,317,216,101,259,245,143,48,23,51,30,"MHCLG Statutory Homelessness Detailed Local Authority Data Oct-Dec 2025, published 30 April 2026"
E06000012,North East Lincolnshire,2025Q3,262,261,91,170,88,156,46,3,16,28,5,"MHCLG Statutory Homelessness Detailed Local Authority Data Oct-Dec 2025, published 30 April 2026"
E06000013,North Lincolnshire,2025Q3,224,224,126,98,76,65,37,9,9,13,14,"MHCLG Statutory Homelessness Detailed Local Authority Data Oct-Dec 2025, published 30 April 2026"
E06000014,York,2025Q3,190,189,126,63,63,141,36,4,13,32,25,"MHCLG Statutory Homelessness Detailed Local Authority Data Oct-Dec 2025, published 30 April 2026"
E06000015,Derby,2025Q3,589,555,191,364,512,494,281,114,53,134,61,"MHCLG Statutory Homelessness Detailed Local Authority Data Oct-Dec 2025, published 30 April 2026"
E06000016,Leicester,2025Q3,791,783,344,439,,508,263,50,29,80,60,"MHCLG Statutory Homelessness Detailed Local Authority Data Oct-Dec 2025, published 30 April 2026"
E06000017,Rutland,2025Q3,37,37,15,22,15,17,6,1,2,0,0,"MHCLG Statutory Homelessness Detailed Local Authority Data Oct-Dec 2025, published 30 April 2026"
E06000018,Nottingham,2025Q3,734,692,347,345,687,478,232,40,47,99,104,"MHCLG Statutory Homelessness Detailed Local Authority Data Oct-Dec 2025, published 30 April 2026"
E06000019,Herefordshire,2025Q3,135,134,28,106,123,89,50,13,14,9,5,"MHCLG Statutory Homelessness Detailed Local Authority Data Oct-Dec 2025, published 30 April 2026"
E06000020,Telford & Wrekin,2025Q3,273,267,100,167,60,193,74,21,13,29,37,"MHCLG Statutory Homelessness Detailed Local Authority Data Oct-Dec 2025, published 30 April 2026"
E06000021,Stoke-on-Trent,2025Q3,482,466,223,243,106,152,72,7,14,15,17,"MHCLG Statutory Homelessness Detailed Local Authority Data Oct-Dec 2025, published 30 April 2026"
E06000022,Bath & North East Somerset,2025Q3,113,111,54,57,97,78,38,2,4,4,4,"MHCLG Statutory Homelessness Detailed Local Authority Data Oct-Dec 2025, published 30 April 2026"
E06000023,Bristol,2025Q3,,,,,,,,,,,,"MHCLG Statutory Homelessness Detailed Local Authority Data Oct-Dec 2025, published 30 April 2026"
E06000024,North Somerset,2025Q3,222,220,152,68,75,168,69,9,18,26,17,"MHCLG Statutory Homelessness Detailed Local Authority Data Oct-Dec 2025, published 30 April 2026"
E06000025,South Gloucestershire,2025Q3,229,226,133,93,240,194,60,5,10,10,6,"MHCLG Statutory Homelessness Detailed Local Authority Data Oct-Dec 2025, published 30 April 2026"
E06000026,Plymouth,2025Q3,549,461,216,245,434,411,159,35,37,120,50,"MHCLG Statutory Homelessness Detailed Local Authority Data Oct-Dec 2025, published 30 April 2026"
E06000027,Torbay,2025Q3,251,249,90,159,156,217,149,59,25,69,41,"MHCLG Statutory Homelessness Detailed Local Authority Data Oct-Dec 2025, published 30 April 2026"
E06000030,Swindon,2025Q3,342,339,188,151,376,148,51,8,19,46,32,"MHCLG Statutory Homelessness Detailed Local Authority Data Oct-Dec 2025, published 30 April 2026"
E06000031,Peterborough,2025Q3,464,449,203,246,324,268,125,19,12,42,25,"MHCLG Statutory Homelessness Detailed Local Authority Data Oct-Dec 2025, published 30 April 2026"
E06000032,Luton,2025Q3,467,456,310,146,932,248,103,34,18,23,36,"MHCLG Statutory Homelessness Detailed Local Authority Data Oct-Dec 2025, published 30 April 2026"
E06000033,Southend-on-Sea,2025Q3,335,332,135,197,416,192,62,12,13,24,33,"MHCLG Statutory Homelessness Detailed Local Authority Data Oct-Dec 2025, published 30 April 2026"
E06000034,Thurrock,2025Q3,370,335,202,133,686,157,69,16,3,12,5,"MHCLG Statutory Homelessness Detailed Local Authority Data Oct-Dec 2025, published 30 April 2026"
E06000035,Medway Towns,2025Q3,542,522,306,216,584,240,121,25,15,28,17,"MHCLG Statutory Homelessness Detailed Local Authority Data Oct-Dec 2025, published 30 April 2026"
E06000036,Bracknell Forest,2025Q3,226,98,72,26,155,78,39,8,11,8,7,"MHCLG Statutory Homelessness Detailed Local Authority Data Oct-Dec 2025, published 30 April 2026"
E06000037,West Berkshire,2025Q3,136,132,40,92,172,103,50,19,14,20,12,"MHCLG Statutory Homelessness Detailed Local Authority Data Oct-Dec 2025, published 30 April 2026"
E06000038,Reading,2025Q3,393,303,165,138,429,184,43,8,13,16,28,"MHCLG Statutory Homelessness Detailed Local Authority Data Oct-Dec 2025, published 30 April 2026"
E06000039,Slough,2025Q3,384,353,190,163,1479,127,42,7,1,10,8,"MHCLG Statutory Homelessness Detailed Local Authority Data Oct-Dec 2025, published 30 April 2026"
E06000040,Windsor & Maidenhead,2025Q3,122,119,33,86,280,55,28,2,4,1,4,"MHCLG Statutory Homelessness Detailed Local Authority Data Oct-Dec 2025, published 30 April 2026"
E06000041,Wokingham,2025Q3,166,157,87,70,83,113,25,8,5,8,4,"MHCLG Statutory Homelessness Detailed Local Authority Data Oct-Dec 2025, published 30 April 2026"
E06000042,Milton Keynes,2025Q3,498,470,147,323,850,244,94,26,20,24,28,"MHCLG Statutory Homelessness Detailed Local Authority Data Oct-Dec 2025, published 30 April 2026"
E06000043,Brighton & Hove,2025Q3,466,451,178,273,,394,195,26,25,32,33,"MHCLG Statutory Homelessness Detailed Local Authority Data Oct-Dec 2025, published 30 April 2026"
E06000044,Portsmouth,2025Q3,528,493,190,303,599,315,127,20,42,52,63,"MHCLG Statutory Homelessness Detailed Local Authority Data Oct-Dec 2025, published 30 April 2026"
E06000045,Southampton,2025Q3,486,478,376,102,420,367,142,10,65,82,137,"MHCLG Statutory Homelessness Detailed Local Authority Data Oct-Dec 2025, published 30 April 2026"
E06000046,Isle of Wight,2025Q3,242,174,88,86,235,130,79,7,12,13,6,"MHCLG Statutory Homelessness Detailed Local Authority Data Oct-Dec 2025, published 30 April 2026"
E06000047,Durham,2025Q3,794,750,314,436,113,617,393,86,80,158,95,"MHCLG Statutory Homelessness Detailed Local Authority Data Oct-Dec 2025, published 30 April 2026"
E06000049,Cheshire East,2025Q3,342,341,174,167,43,248,132,30,24,46,46,"MHCLG Statutory Homelessness Detailed Local Authority Data Oct-Dec 2025, published 30 April 2026"
E06000050,Cheshire West & Chester,2025Q3,457,395,212,183,82,332,149,49,25,25,20,"MHCLG Statutory Homelessness Detailed Local Authority Data Oct-Dec 2025, published 30 April 2026"
E06000051,Shropshire,2025Q3,303,301,154,147,226,192,76,12,17,17,15,"MHCLG Statutory Homelessness Detailed Local Authority Data Oct-Dec 2025, published 30 April 2026"
E06000052,Cornwall,2025Q3,457,455,190,265,792,291,175,38,45,64,58,"MHCLG Statutory Homelessness Detailed Local Authority Data Oct-Dec 2025, published 30 April 2026"
E06000053,Isles of Scilly,2025Q3,0,0,0,0,0,0,0,0,0,0,0,"MHCLG Statutory Homelessness Detailed Local Authority Data Oct-Dec 2025, published 30 April 2026"
E06000054,Wiltshire,2025Q3,411,403,195,208,100,214,78,10,23,29,26,"MHCLG Statutory Homelessness Detailed Local Authority Data Oct-Dec 2025, published 30 April 2026"
E06000055,Bedford,2025Q3,349,344,95,249,899,279,148,22,25,50,44,"MHCLG Statutory Homelessness Detailed Local Authority Data Oct-Dec 2025, published 30 April 2026"
E06000056,Central Bedfordshire,2025Q3,311,291,118,173,259,273,165,70,20,51,51,"MHCLG Statutory Homelessness Detailed Local Authority Data Oct-Dec 2025, published 30 April 2026"
E06000057,Northumberland,2025Q3,312,312,103,209,59,228,130,26,32,38,20,"MHCLG Statutory Homelessness Detailed Local Authority Data Oct-Dec 2025, published 30 April 2026"
E06000058,Bournemouth Christchurch and Poole,2025Q3,789,768,318,450,525,722,462,100,110,234,250,"MHCLG Statutory Homelessness Detailed Local Authority Data Oct-Dec 2025, published 30 April 2026"
E06000059,Dorset,2025Q3,506,396,273,123,193,298,170,28,39,35,35,"MHCLG Statutory Homelessness Detailed Local Authority Data Oct-Dec 2025, published 30 April 2026"
E06000060,Buckinghamshire,2025Q3,784,492,323,169,379,242,134,72,25,35,42,"MHCLG Statutory Homelessness Detailed Local Authority Data Oct-Dec 2025, published 30 April 2026"
E06000061,North Northamptonshire,2025Q3,391,371,65,306,238,159,70,6,20,22,16,"MHCLG Statutory Homelessness Detailed Local Authority Data Oct-Dec 2025, published 30 April 2026"
E06000062,West Northamptonshire,2025Q3,473,452,115,337,741,232,99,17,24,40,21,"MHCLG Statutory Homelessness Detailed Local Authority Data Oct-Dec 2025, published 30 April 2026"
E06000063,Cumberland Council,2025Q3,326,312,157,155,79,279,183,50,39,102,95,"MHCLG Statutory Homelessness Detailed Local Authority Data Oct-Dec 2025, published 30 April 2026"
E06000064,Westmorland and Furness Council,2025Q3,228,223,82,141,66,201,137,35,20,51,73,"MHCLG Statutory Homelessness Detailed Local Authority Data Oct-Dec 2025, published 30 April 2026"
E06000065,North Yorkshire Council,2025Q3,580,572,232,340,268,351,178,21,38,50,34,"MHCLG Statutory Homelessness Detailed Local Authority Data Oct-Dec 2025, published 30 April 2026"
E06000066,Somerset Council,2025Q3,588,584,192,392,346,393,222,41,53,71,84,"MHCLG Statutory Homelessness Detailed Local Authority Data Oct-Dec 2025, published 30 April 2026"
E07000008,Cambridge,2025Q3,232,173,63,110,157,90,45,10,13,18,24,"MHCLG Statutory Homelessness Detailed Local Authority Data Oct-Dec 2025, published 30 April 2026"
E07000009,East Cambridgeshire,2025Q3,98,96,56,40,21,65,36,13,8,14,11,"MHCLG Statutory Homelessness Detailed Local Authority Data Oct-Dec 2025, published 30 April 2026"
E07000010,Fenland,2025Q3,134,92,29,63,45,88,51,23,10,19,22,"MHCLG Statutory Homelessness Detailed Local Authority Data Oct-Dec 2025, published 30 April 2026"
E07000011,Huntingdonshire,2025Q3,179,177,100,77,138,111,63,14,9,16,15,"MHCLG Statutory Homelessness Detailed Local Authority Data Oct-Dec 2025, published 30 April 2026"
E07000012,South Cambridgeshire,2025Q3,176,166,75,91,77,112,67,12,8,20,18,"MHCLG Statutory Homelessness Detailed Local Authority Data Oct-Dec 2025, published 30 April 2026"
E07000032,Amber Valley,2025Q3,97,97,51,46,12,75,50,10,6,6,19,"MHCLG Statutory Homelessness Detailed Local Authority Data Oct-Dec 2025, published 30 April 2026"
E07000033,Bolsover,2025Q3,106,104,70,34,11,89,55,15,7,7,1,"MHCLG Statutory Homelessness Detailed Local Authority Data Oct-Dec 2025, published 30 April 2026"
E07000034,Chesterfield,2025Q3,164,149,52,97,23,98,55,7,9,15,15,"MHCLG Statutory Homelessness Detailed Local Authority Data Oct-Dec 2025, published 30 April 2026"
E07000035,Derbyshire Dales,2025Q3,45,45,28,17,12,23,12,1,1,2,2,"MHCLG Statutory Homelessness Detailed Local Authority Data Oct-Dec 2025, published 30 April 2026"
E07000036,Erewash,2025Q3,116,115,51,64,22,78,44,12,6,21,14,"MHCLG Statutory Homelessness Detailed Local Authority Data Oct-Dec 2025, published 30 April 2026"
E07000037,High Peak,2025Q3,59,57,23,34,7,25,14,3,2,4,6,"MHCLG Statutory Homelessness Detailed Local Authority Data Oct-Dec 2025, published 30 April 2026"
E07000038,North East Derbyshire,2025Q3,44,40,21,19,8,27,19,1,1,4,2,"MHCLG Statutory Homelessness Detailed Local Authority Data Oct-Dec 2025, published 30 April 2026"
E07000039,South Derbyshire,2025Q3,45,44,20,24,12,24,8,1,2,1,0,"MHCLG Statutory Homelessness Detailed Local Authority Data Oct-Dec 2025, published 30 April 2026"
E07000040,East Devon,2025Q3,192,187,127,60,58,133,62,12,7,10,10,"MHCLG Statutory Homelessness Detailed Local Authority Data Oct-Dec 2025, published 30 April 2026"
E07000041,Exeter,2025Q3,217,196,80,116,99,185,135,52,45,72,89,"MHCLG Statutory Homelessness Detailed Local Authority Data Oct-Dec 2025, published 30 April 2026"
E07000042,Mid Devon,2025Q3,82,71,27,44,53,60,35,8,8,6,15,"MHCLG Statutory Homelessness Detailed Local Authority Data Oct-Dec 2025, published 30 April 2026"
E07000043,North Devon,2025Q3,265,217,120,97,62,170,108,43,23,37,48,"MHCLG Statutory Homelessness Detailed Local Authority Data Oct-Dec 2025, published 30 April 2026"
E07000044,South Hams,2025Q3,112,107,65,42,38,63,21,1,4,3,4,"MHCLG Statutory Homelessness Detailed Local Authority Data Oct-Dec 2025, published 30 April 2026"
E07000045,Teignbridge,2025Q3,128,121,61,60,87,116,83,30,14,32,40,"MHCLG Statutory Homelessness Detailed Local Authority Data Oct-Dec 2025, published 30 April 2026"
E07000046,Torridge,2025Q3,115,109,42,67,47,94,43,12,17,11,20,"MHCLG Statutory Homelessness Detailed Local Authority Data Oct-Dec 2025, published 30 April 2026"
E07000047,West Devon,2025Q3,58,56,40,16,15,30,13,1,0,2,2,"MHCLG Statutory Homelessness Detailed Local Authority Data Oct-Dec 2025, published 30 April 2026"
E07000061,Eastbourne,2025Q3,222,181,62,119,308,145,72,26,15,15,10,"MHCLG Statutory Homelessness Detailed Local Authority Data Oct-Dec 2025, published 30 April 2026"
E07000062,Hastings,2025Q3,186,183,99,84,629,132,83,19,13,28,21,"MHCLG Statutory Homelessness Detailed Local Authority Data Oct-Dec 2025, published 30 April 2026"
E07000063,Lewes,2025Q3,101,79,22,57,84,69,37,13,4,6,0,"MHCLG Statutory Homelessness Detailed Local Authority Data Oct-Dec 2025, published 30 April 2026"
E07000064,Rother,2025Q3,158,145,63,82,233,108,47,25,4,4,4,"MHCLG Statutory Homelessness Detailed Local Authority Data Oct-Dec 2025, published 30 April 2026"
E07000065,Wealden,2025Q3,130,129,63,66,70,69,35,22,5,5,9,"MHCLG Statutory Homelessness Detailed Local Authority Data Oct-Dec 2025, published 30 April 2026"
E07000066,Basildon,2025Q3,165,147,15,132,739,73,33,8,8,9,5,"MHCLG Statutory Homelessness Detailed Local Authority Data Oct-Dec 2025, published 30 April 2026"
E07000067,Braintree,2025Q3,147,124,73,51,63,107,59,8,9,13,13,"MHCLG Statutory Homelessness Detailed Local Authority Data Oct-Dec 2025, published 30 April 2026"
E07000068,Brentwood,2025Q3,32,28,18,10,33,12,6,1,0,1,1,"MHCLG Statutory Homelessness Detailed Local Authority Data Oct-Dec 2025, published 30 April 2026"
E07000069,Castle Point,2025Q3,51,51,17,34,186,31,18,0,1,2,4,"MHCLG Statutory Homelessness Detailed Local Authority Data Oct-Dec 2025, published 30 April 2026"
E07000070,Chelmsford,2025Q3,221,198,104,94,570,130,78,28,12,23,23,"MHCLG Statutory Homelessness Detailed Local Authority Data Oct-Dec 2025, published 30 April 2026"
E07000071,Colchester,2025Q3,258,248,104,144,466,163,108,23,17,24,29,"MHCLG Statutory Homelessness Detailed Local Authority Data Oct-Dec 2025, published 30 April 2026"
E07000072,Epping Forest,2025Q3,,,,,,,,,,,,"MHCLG Statutory Homelessness Detailed Local Authority Data Oct-Dec 2025, published 30 April 2026"
E07000073,Harlow,2025Q3,103,95,38,57,375,52,17,5,8,4,4,"MHCLG Statutory Homelessness Detailed Local Authority Data Oct-Dec 2025, published 30 April 2026"
E07000074,Maldon,2025Q3,83,52,26,26,35,41,28,1,3,2,3,"MHCLG Statutory Homelessness Detailed Local Authority Data Oct-Dec 2025, published 30 April 2026"
E07000075,Rochford,2025Q3,71,65,23,42,54,43,13,3,4,5,4,"MHCLG Statutory Homelessness Detailed Local Authority Data Oct-Dec 2025, published 30 April 2026"
E07000076,Tendring,2025Q3,213,213,75,138,163,159,110,17,16,15,7,"MHCLG Statutory Homelessness Detailed Local Authority Data Oct-Dec 2025, published 30 April 2026"
E07000077,Uttlesford,2025Q3,92,87,23,64,32,76,48,9,6,4,17,"MHCLG Statutory Homelessness Detailed Local Authority Data Oct-Dec 2025, published 30 April 2026"
E07000078,Cheltenham,2025Q3,155,155,54,101,15,95,37,5,10,20,20,"MHCLG Statutory Homelessness Detailed Local Authority Data Oct-Dec 2025, published 30 April 2026"
E07000079,Cotswold,2025Q3,78,75,46,29,37,36,22,8,3,7,6,"MHCLG Statutory Homelessness Detailed Local Authority Data Oct-Dec 2025, published 30 April 2026"
E07000080,Forest of Dean,2025Q3,86,78,37,41,37,52,32,2,11,14,9,"MHCLG Statutory Homelessness Detailed Local Authority Data Oct-Dec 2025, published 30 April 2026"
E07000081,Gloucester,2025Q3,297,295,162,133,259,232,126,44,18,43,65,"MHCLG Statutory Homelessness Detailed Local Authority Data Oct-Dec 2025, published 30 April 2026"
E07000082,Stroud,2025Q3,96,96,44,52,39,51,21,3,4,7,8,"MHCLG Statutory Homelessness Detailed Local Authority Data Oct-Dec 2025, published 30 April 2026"
E07000083,Tewkesbury,2025Q3,111,111,60,51,29,46,12,2,5,2,2,"MHCLG Statutory Homelessness Detailed Local Authority Data Oct-Dec 2025, published 30 April 2026"
E07000084,Basingstoke & Deane,2025Q3,137,135,80,55,37,77,37,12,8,8,4,"MHCLG Statutory Homelessness Detailed Local Authority Data Oct-Dec 2025, published 30 April 2026"
E07000085,East Hampshire,2025Q3,89,85,58,27,47,42,11,4,4,4,2,"MHCLG Statutory Homelessness Detailed Local Authority Data Oct-Dec 2025, published 30 April 2026"
E07000086,Eastleigh,2025Q3,64,64,41,23,90,43,20,2,4,5,9,"MHCLG Statutory Homelessness Detailed Local Authority Data Oct-Dec 2025, published 30 April 2026"
E07000087,Fareham,2025Q3,77,69,24,45,90,43,2,5,5,9,10,"MHCLG Statutory Homelessness Detailed Local Authority Data Oct-Dec 2025, published 30 April 2026"
E07000088,Gosport,2025Q3,116,116,72,44,89,57,32,6,8,12,11,"MHCLG Statutory Homelessness Detailed Local Authority Data Oct-Dec 2025, published 30 April 2026"
E07000089,Hart,2025Q3,44,44,19,25,27,28,16,4,4,1,1,"MHCLG Statutory Homelessness Detailed Local Authority Data Oct-Dec 2025, published 30 April 2026"
E07000090,Havant,2025Q3,137,137,53,84,142,54,16,1,10,6,0,"MHCLG Statutory Homelessness Detailed Local Authority Data Oct-Dec 2025, published 30 April 2026"
E07000091,New Forest,2025Q3,202,148,98,50,257,143,86,46,25,23,39,"MHCLG Statutory Homelessness Detailed Local Authority Data Oct-Dec 2025, published 30 April 2026"
E07000092,Rushmoor,2025Q3,124,123,82,41,60,91,38,7,8,13,12,"MHCLG Statutory Homelessness Detailed Local Authority Data Oct-Dec 2025, published 30 April 2026"
E07000093,Test Valley,2025Q3,137,127,83,44,205,87,37,2,5,7,2,"MHCLG Statutory Homelessness Detailed Local Authority Data Oct-Dec 2025, published 30 April 2026"
E07000094,Winchester,2025Q3,81,75,46,29,103,58,23,5,5,6,2,"MHCLG Statutory Homelessness Detailed Local Authority Data Oct-Dec 2025, published 30 April 2026"
E07000095,Broxbourne,2025Q3,93,86,37,49,155,76,50,21,1,14,14,"MHCLG Statutory Homelessness Detailed Local Authority Data Oct-Dec 2025, published 30 April 2026"
E07000096,Dacorum,2025Q3,224,213,88,125,275,137,45,6,3,3,3,"MHCLG Statutory Homelessness Detailed Local Authority Data Oct-Dec 2025, published 30 April 2026"
E07000098,Hertsmere,2025Q3,122,120,85,35,107,63,33,18,0,7,8,"MHCLG Statutory Homelessness Detailed Local Authority Data Oct-Dec 2025, published 30 April 2026"
E07000099,North Hertfordshire,2025Q3,98,87,32,55,85,62,40,17,4,6,8,"MHCLG Statutory Homelessness Detailed Local Authority Data Oct-Dec 2025, published 30 April 2026"
E07000102,Three Rivers,2025Q3,94,66,49,17,41,66,20,2,3,1,10,"MHCLG Statutory Homelessness Detailed Local Authority Data Oct-Dec 2025, published 30 April 2026"
E07000103,Watford,2025Q3,138,129,61,68,226,92,48,5,7,4,5,"MHCLG Statutory Homelessness Detailed Local Authority Data Oct-Dec 2025, published 30 April 2026"
E07000105,Ashford,2025Q3,169,139,81,58,225,65,32,10,3,10,3,"MHCLG Statutory Homelessness Detailed Local Authority Data Oct-Dec 2025, published 30 April 2026"
E07000106,Canterbury,2025Q3,292,184,57,127,166,101,54,18,15,23,23,"MHCLG Statutory Homelessness Detailed Local Authority Data Oct-Dec 2025, published 30 April 2026"
E07000107,Dartford,2025Q3,179,156,82,74,458,84,31,18,4,1,5,"MHCLG Statutory Homelessness Detailed Local Authority Data Oct-Dec 2025, published 30 April 2026"
E07000108,Dover,2025Q3,145,108,39,69,302,52,22,12,6,6,6,"MHCLG Statutory Homelessness Detailed Local Authority Data Oct-Dec 2025, published 30 April 2026"
E07000109,Gravesham,2025Q3,244,96,51,45,246,36,19,11,3,0,3,"MHCLG Statutory Homelessness Detailed Local Authority Data Oct-Dec 2025, published 30 April 2026"
E07000110,Maidstone,2025Q3,264,198,71,127,243,87,37,10,10,20,11,"MHCLG Statutory Homelessness Detailed Local Authority Data Oct-Dec 2025, published 30 April 2026"
E07000111,Sevenoaks,2025Q3,93,79,40,39,82,30,18,7,4,3,3,"MHCLG Statutory Homelessness Detailed Local Authority Data Oct-Dec 2025, published 30 April 2026"
E07000112,Folkestone & Hythe,2025Q3,154,139,61,78,112,66,36,8,6,13,14,"MHCLG Statutory Homelessness Detailed Local Authority Data Oct-Dec 2025, published 30 April 2026"
E07000113,Swale,2025Q3,166,162,94,68,309,142,81,11,7,26,24,"MHCLG Statutory Homelessness Detailed Local Authority Data Oct-Dec 2025, published 30 April 2026"
E07000114,Thanet,2025Q3,231,175,62,113,,111,57,22,15,16,12,"MHCLG Statutory Homelessness Detailed Local Authority Data Oct-Dec 2025, published 30 April 2026"
E07000115,Tonbridge & Malling,2025Q3,123,107,64,43,105,60,31,18,3,3,6,"MHCLG Statutory Homelessness Detailed Local Authority Data Oct-Dec 2025, published 30 April 2026"
E07000116,Tunbridge Wells,2025Q3,110,98,67,31,81,41,15,3,7,0,3,"MHCLG Statutory Homelessness Detailed Local Authority Data Oct-Dec 2025, published 30 April 2026"
E07000117,Burnley,2025Q3,148,148,41,107,32,90,42,13,7,16,16,"MHCLG Statutory Homelessness Detailed Local Authority Data Oct-Dec 2025, published 30 April 2026"
E07000118,Chorley,2025Q3,127,126,53,73,17,104,42,5,8,11,8,"MHCLG Statutory Homelessness Detailed Local Authority Data Oct-Dec 2025, published 30 April 2026"
E07000119,Fylde,2025Q3,69,69,25,44,55,60,43,18,7,9,10,"MHCLG Statutory Homelessness Detailed Local Authority Data Oct-Dec 2025, published 30 April 2026"
E07000120,Hyndburn,2025Q3,87,87,23,64,12,60,28,13,2,7,8,"MHCLG Statutory Homelessness Detailed Local Authority Data Oct-Dec 2025, published 30 April 2026"
E07000121,Lancaster,2025Q3,134,128,78,50,12,123,72,22,17,21,26,"MHCLG Statutory Homelessness Detailed Local Authority Data Oct-Dec 2025, published 30 April 2026"
E07000122,Pendle,2025Q3,173,66,41,25,17,32,18,7,3,3,2,"MHCLG Statutory Homelessness Detailed Local Authority Data Oct-Dec 2025, published 30 April 2026"
E07000123,Preston,2025Q3,223,221,89,132,29,133,64,9,11,17,14,"MHCLG Statutory Homelessness Detailed Local Authority Data Oct-Dec 2025, published 30 April 2026"
E07000124,Ribble Valley,2025Q3,26,26,18,8,7,11,4,3,0,0,1,"MHCLG Statutory Homelessness Detailed Local Authority Data Oct-Dec 2025, published 30 April 2026"
E07000125,Rossendale,2025Q3,150,105,75,30,15,72,41,12,10,9,12,"MHCLG Statutory Homelessness Detailed Local Authority Data Oct-Dec 2025, published 30 April 2026"
E07000126,South Ribble,2025Q3,182,181,52,129,39,99,40,2,6,13,10,"MHCLG Statutory Homelessness Detailed Local Authority Data Oct-Dec 2025, published 30 April 2026"
E07000127,West Lancashire,2025Q3,45,45,10,35,36,19,12,2,0,0,0,"MHCLG Statutory Homelessness Detailed Local Authority Data Oct-Dec 2025, published 30 April 2026"
E07000128,Wyre,2025Q3,165,159,102,57,24,124,74,25,13,19,20,"MHCLG Statutory Homelessness Detailed Local Authority Data Oct-Dec 2025, published 30 April 2026"
E07000129,Blaby,2025Q3,80,77,16,61,89,37,21,5,2,2,1,"MHCLG Statutory Homelessness Detailed Local Authority Data Oct-Dec 2025, published 30 April 2026"
E07000130,Charnwood,2025Q3,176,166,48,118,86,89,40,2,6,10,6,"MHCLG Statutory Homelessness Detailed Local Authority Data Oct-Dec 2025, published 30 April 2026"
E07000131,Harborough,2025Q3,92,91,15,76,39,65,19,6,3,7,0,"MHCLG Statutory Homelessness Detailed Local Authority Data Oct-Dec 2025, published 30 April 2026"
E07000132,Hinckley & Bosworth,2025Q3,139,138,35,103,126,79,33,7,3,4,2,"MHCLG Statutory Homelessness Detailed Local Authority Data Oct-Dec 2025, published 30 April 2026"
E07000133,Melton,2025Q3,47,47,19,28,29,11,5,3,2,0,1,"MHCLG Statutory Homelessness Detailed Local Authority Data Oct-Dec 2025, published 30 April 2026"
E07000134,North West Leicestershire,2025Q3,81,74,21,53,29,55,33,4,5,6,6,"MHCLG Statutory Homelessness Detailed Local Authority Data Oct-Dec 2025, published 30 April 2026"
E07000135,Oadby & Wigston,2025Q3,78,78,23,55,131,67,35,3,3,2,0,"MHCLG Statutory Homelessness Detailed Local Authority Data Oct-Dec 2025, published 30 April 2026"
E07000136,Boston,2025Q3,71,67,46,21,12,50,15,4,5,10,10,"MHCLG Statutory Homelessness Detailed Local Authority Data Oct-Dec 2025, published 30 April 2026"
E07000137,East Lindsey,2025Q3,213,201,109,92,57,118,72,10,12,20,10,"MHCLG Statutory Homelessness Detailed Local Authority Data Oct-Dec 2025, published 30 April 2026"
E07000138,Lincoln,2025Q3,278,266,75,191,66,180,73,15,21,42,40,"MHCLG Statutory Homelessness Detailed Local Authority Data Oct-Dec 2025, published 30 April 2026"
E07000139,North Kesteven,2025Q3,92,90,23,67,36,45,13,0,2,1,1,"MHCLG Statutory Homelessness Detailed Local Authority Data Oct-Dec 2025, published 30 April 2026"
E07000140,South Holland,2025Q3,102,97,53,44,24,57,25,6,4,8,4,"MHCLG Statutory Homelessness Detailed Local Authority Data Oct-Dec 2025, published 30 April 2026"
E07000141,South Kesteven,2025Q3,168,142,67,75,43,42,18,3,4,8,5,"MHCLG Statutory Homelessness Detailed Local Authority Data Oct-Dec 2025, published 30 April 2026"
E07000142,West Lindsey,2025Q3,159,154,81,73,15,122,66,8,16,20,12,"MHCLG Statutory Homelessness Detailed Local Authority Data Oct-Dec 2025, published 30 April 2026"
E07000143,Breckland,2025Q3,185,163,49,114,85,147,108,42,11,33,42,"MHCLG Statutory Homelessness Detailed Local Authority Data Oct-Dec 2025, published 30 April 2026"
E07000144,Broadland,2025Q3,102,100,27,73,94,72,29,4,3,3,4,"MHCLG Statutory Homelessness Detailed Local Authority Data Oct-Dec 2025, published 30 April 2026"
E07000145,Great Yarmouth,2025Q3,234,176,96,80,60,135,78,23,13,19,22,"MHCLG Statutory Homelessness Detailed Local Authority Data Oct-Dec 2025, published 30 April 2026"
E07000146,King's Lynn & West Norfolk,2025Q3,144,108,31,77,38,87,60,9,6,13,9,"MHCLG Statutory Homelessness Detailed Local Authority Data Oct-Dec 2025, published 30 April 2026"
E07000147,North Norfolk,2025Q3,97,96,25,71,61,46,20,4,5,7,7,"MHCLG Statutory Homelessness Detailed Local Authority Data Oct-Dec 2025, published 30 April 2026"
E07000148,Norwich,2025Q3,599,297,117,180,73,164,84,8,36,54,38,"MHCLG Statutory Homelessness Detailed Local Authority Data Oct-Dec 2025, published 30 April 2026"
E07000149,South Norfolk,2025Q3,121,119,33,86,77,84,20,5,5,4,3,"MHCLG Statutory Homelessness Detailed Local Authority Data Oct-Dec 2025, published 30 April 2026"
E07000170,Ashfield,2025Q3,114,113,57,56,38,82,42,11,7,4,1,"MHCLG Statutory Homelessness Detailed Local Authority Data Oct-Dec 2025, published 30 April 2026"
E07000171,Bassetlaw,2025Q3,61,60,38,22,56,47,23,2,4,4,2,"MHCLG Statutory Homelessness Detailed Local Authority Data Oct-Dec 2025, published 30 April 2026"
E07000172,Broxtowe,2025Q3,68,59,39,20,9,12,7,0,3,4,2,"MHCLG Statutory Homelessness Detailed Local Authority Data Oct-Dec 2025, published 30 April 2026"
E07000173,Gedling,2025Q3,60,60,41,19,26,31,15,1,1,1,1,"MHCLG Statutory Homelessness Detailed Local Authority Data Oct-Dec 2025, published 30 April 2026"
E07000174,Mansfield,2025Q3,184,184,68,116,20,119,44,3,5,10,8,"MHCLG Statutory Homelessness Detailed Local Authority Data Oct-Dec 2025, published 30 April 2026"
E07000175,Newark & Sherwood,2025Q3,105,88,46,42,16,48,15,0,3,4,0,"MHCLG Statutory Homelessness Detailed Local Authority Data Oct-Dec 2025, published 30 April 2026"
E07000176,Rushcliffe,2025Q3,64,64,24,40,12,50,17,5,4,1,3,"MHCLG Statutory Homelessness Detailed Local Authority Data Oct-Dec 2025, published 30 April 2026"
E07000177,Cherwell,2025Q3,122,120,51,69,77,85,34,3,11,11,11,"MHCLG Statutory Homelessness Detailed Local Authority Data Oct-Dec 2025, published 30 April 2026"
E07000178,Oxford,2025Q3,288,283,105,178,322,194,90,13,16,18,13,"MHCLG Statutory Homelessness Detailed Local Authority Data Oct-Dec 2025, published 30 April 2026"
E07000179,South Oxfordshire,2025Q3,76,75,59,16,48,52,20,6,3,2,4,"MHCLG Statutory Homelessness Detailed Local Authority Data Oct-Dec 2025, published 30 April 2026"
E07000180,Vale of White Horse,2025Q3,99,99,69,30,69,67,30,3,3,6,8,"MHCLG Statutory Homelessness Detailed Local Authority Data Oct-Dec 2025, published 30 April 2026"
E07000181,West Oxfordshire,2025Q3,107,97,63,34,75,75,34,13,6,9,15,"MHCLG Statutory Homelessness Detailed Local Authority Data Oct-Dec 2025, published 30 April 2026"
E07000192,Cannock Chase,2025Q3,115,113,43,70,39,57,39,9,10,10,6,"MHCLG Statutory Homelessness Detailed Local Authority Data Oct-Dec 2025, published 30 April 2026"
E07000193,East Staffordshire,2025Q3,126,124,20,104,40,0,,,,,,"MHCLG Statutory Homelessness Detailed Local Authority Data Oct-Dec 2025, published 30 April 2026"
E07000194,Lichfield,2025Q3,114,111,46,65,45,55,31,9,4,3,4,"MHCLG Statutory Homelessness Detailed Local Authority Data Oct-Dec 2025, published 30 April 2026"
E07000195,Newcastle under Lyme,2025Q3,111,103,33,70,23,68,33,13,4,7,16,"MHCLG Statutory Homelessness Detailed Local Authority Data Oct-Dec 2025, published 30 April 2026"
E07000196,South Staffordshire,2025Q3,56,55,37,18,11,29,4,2,1,1,0,"MHCLG Statutory Homelessness Detailed Local Authority Data Oct-Dec 2025, published 30 April 2026"
E07000197,Stafford,2025Q3,136,128,23,105,19,98,53,9,12,28,30,"MHCLG Statutory Homelessness Detailed Local Authority Data Oct-Dec 2025, published 30 April 2026"
E07000198,Staffordshire Moorlands,2025Q3,28,24,11,13,5,11,7,3,2,1,2,"MHCLG Statutory Homelessness Detailed Local Authority Data Oct-Dec 2025, published 30 April 2026"
E07000199,Tamworth,2025Q3,49,49,26,23,33,31,18,3,1,0,0,"MHCLG Statutory Homelessness Detailed Local Authority Data Oct-Dec 2025, published 30 April 2026"
E07000200,Babergh,2025Q3,113,110,73,37,87,74,32,5,5,6,3,"MHCLG Statutory Homelessness Detailed Local Authority Data Oct-Dec 2025, published 30 April 2026"
E07000202,Ipswich,2025Q3,527,424,281,143,85,241,118,12,27,56,30,"MHCLG Statutory Homelessness Detailed Local Authority Data Oct-Dec 2025, published 30 April 2026"
E07000203,Mid Suffolk,2025Q3,109,108,58,50,60,63,35,6,6,9,5,"MHCLG Statutory Homelessness Detailed Local Authority Data Oct-Dec 2025, published 30 April 2026"
E07000207,Elmbridge,2025Q3,72,72,41,31,148,24,9,5,4,8,4,"MHCLG Statutory Homelessness Detailed Local Authority Data Oct-Dec 2025, published 30 April 2026"
E07000208,Epsom & Ewell,2025Q3,49,49,19,30,277,34,13,1,2,4,1,"MHCLG Statutory Homelessness Detailed Local Authority Data Oct-Dec 2025, published 30 April 2026"
E07000209,Guildford,2025Q3,104,96,40,56,109,62,30,3,8,6,7,"MHCLG Statutory Homelessness Detailed Local Authority Data Oct-Dec 2025, published 30 April 2026"
E07000210,Mole Valley,2025Q3,68,65,42,23,50,61,44,3,4,7,13,"MHCLG Statutory Homelessness Detailed Local Authority Data Oct-Dec 2025, published 30 April 2026"
E07000211,Reigate & Banstead,2025Q3,137,126,61,65,185,116,46,10,11,7,13,"MHCLG Statutory Homelessness Detailed Local Authority Data Oct-Dec 2025, published 30 April 2026"
E07000212,Runnymede,2025Q3,50,46,9,37,84,23,12,2,4,2,8,"MHCLG Statutory Homelessness Detailed Local Authority Data Oct-Dec 2025, published 30 April 2026"
E07000213,Spelthorne,2025Q3,111,108,66,42,218,59,25,8,7,9,6,"MHCLG Statutory Homelessness Detailed Local Authority Data Oct-Dec 2025, published 30 April 2026"
E07000214,Surrey Heath,2025Q3,43,40,20,20,40,23,9,4,4,4,5,"MHCLG Statutory Homelessness Detailed Local Authority Data Oct-Dec 2025, published 30 April 2026"
E07000215,Tandridge,2025Q3,45,44,24,20,45,24,11,1,5,0,0,"MHCLG Statutory Homelessness Detailed Local Authority Data Oct-Dec 2025, published 30 April 2026"
E07000216,Waverley,2025Q3,72,65,32,33,4,41,23,3,1,5,5,"MHCLG Statutory Homelessness Detailed Local Authority Data Oct-Dec 2025, published 30 April 2026"
E07000217,Woking,2025Q3,113,91,54,37,110,36,17,0,5,6,0,"MHCLG Statutory Homelessness Detailed Local Authority Data Oct-Dec 2025, published 30 April 2026"
E07000218,North Warwickshire,2025Q3,57,57,27,30,4,34,4,1,0,2,0,"MHCLG Statutory Homelessness Detailed Local Authority Data Oct-Dec 2025, published 30 April 2026"
E07000219,Nuneaton & Bedworth,2025Q3,131,131,40,91,122,82,43,7,5,4,6,"MHCLG Statutory Homelessness Detailed Local Authority Data Oct-Dec 2025, published 30 April 2026"
E07000220,Rugby,2025Q3,98,96,37,59,62,48,20,2,2,6,8,"MHCLG Statutory Homelessness Detailed Local Authority Data Oct-Dec 2025, published 30 April 2026"
E07000221,Stratford-on-Avon,2025Q3,150,143,48,95,72,112,82,10,7,12,22,"MHCLG Statutory Homelessness Detailed Local Authority Data Oct-Dec 2025, published 30 April 2026"
E07000222,Warwick,2025Q3,254,192,48,144,69,182,111,35,22,45,62,"MHCLG Statutory Homelessness Detailed Local Authority Data Oct-Dec 2025, published 30 April 2026"
E07000223,Adur,2025Q3,69,63,36,27,148,48,24,6,5,5,3,"MHCLG Statutory Homelessness Detailed Local Authority Data Oct-Dec 2025, published 30 April 2026"
E07000224,Arun,2025Q3,281,233,82,151,211,138,52,10,8,9,11,"MHCLG Statutory Homelessness Detailed Local Authority Data Oct-Dec 2025, published 30 April 2026"
E07000225,Chichester,2025Q3,244,164,83,81,154,79,42,13,4,10,10,"MHCLG Statutory Homelessness Detailed Local Authority Data Oct-Dec 2025, published 30 April 2026"
E07000226,Crawley,2025Q3,181,164,83,81,603,88,29,4,6,6,1,"MHCLG Statutory Homelessness Detailed Local Authority Data Oct-Dec 2025, published 30 April 2026"
E07000227,Horsham,2025Q3,93,90,48,42,151,52,19,0,5,4,4,"MHCLG Statutory Homelessness Detailed Local Authority Data Oct-Dec 2025, published 30 April 2026"
E07000228,Mid Sussex,2025Q3,176,171,61,110,105,161,36,4,8,10,8,"MHCLG Statutory Homelessness Detailed Local Authority Data Oct-Dec 2025, published 30 April 2026"
E07000229,Worthing,2025Q3,180,168,83,85,496,128,78,18,16,12,11,"MHCLG Statutory Homelessness Detailed Local Authority Data Oct-Dec 2025, published 30 April 2026"
E07000234,Bromsgrove,2025Q3,86,85,31,54,49,55,23,2,5,5,0,"MHCLG Statutory Homelessness Detailed Local Authority Data Oct-Dec 2025, published 30 April 2026"
E07000235,Malvern Hills,2025Q3,45,43,7,36,29,20,10,0,2,2,0,"MHCLG Statutory Homelessness Detailed Local Authority Data Oct-Dec 2025, published 30 April 2026"
E07000236,Redditch,2025Q3,85,79,21,58,39,41,16,2,4,4,2,"MHCLG Statutory Homelessness Detailed Local Authority Data Oct-Dec 2025, published 30 April 2026"
E07000237,Worcester,2025Q3,175,162,83,79,54,96,46,5,7,8,5,"MHCLG Statutory Homelessness Detailed Local Authority Data Oct-Dec 2025, published 30 April 2026"
E07000238,Wychavon,2025Q3,111,99,28,71,51,39,17,1,1,3,0,"MHCLG Statutory Homelessness Detailed Local Authority Data Oct-Dec 2025, published 30 April 2026"
E07000239,Wyre Forest,2025Q3,167,167,53,114,38,111,34,2,6,2,7,"MHCLG Statutory Homelessness Detailed Local Authority Data Oct-Dec 2025, published 30 April 2026"
E07000240,St Albans,2025Q3,98,93,26,67,181,80,52,10,3,6,9,"MHCLG Statutory Homelessness Detailed Local Authority Data Oct-Dec 2025, published 30 April 2026"
E07000241,Welwyn Hatfield,2025Q3,437,234,75,159,149,138,74,21,16,7,20,"MHCLG Statutory Homelessness Detailed Local Authority Data Oct-Dec 2025, published 30 April 2026"
E07000242,East Hertfordshire,2025Q3,183,147,76,71,73,106,66,18,9,13,14,"MHCLG Statutory Homelessness Detailed Local Authority Data Oct-Dec 2025, published 30 April 2026"
E07000243,Stevenage,2025Q3,219,211,85,126,155,128,60,19,11,23,27,"MHCLG Statutory Homelessness Detailed Local Authority Data Oct-Dec 2025, published 30 April 2026"
E07000244,East Suffolk,2025Q3,308,308,184,124,170,221,106,21,17,24,11,"MHCLG Statutory Homelessness Detailed Local Authority Data Oct-Dec 2025, published 30 April 2026"
E07000245,West Suffolk,2025Q3,210,204,108,96,79,143,95,18,14,16,19,"MHCLG Statutory Homelessness Detailed Local Authority Data Oct-Dec 2025, published 30 April 2026"
E08000001,Bolton,2025Q3,741,688,268,420,233,413,256,43,45,118,118,"MHCLG Statutory Homelessness Detailed Local Authority Data Oct-Dec 2025, published 30 April 2026"
E08000002,Bury,2025Q3,243,241,116,125,221,144,78,25,9,12,12,"MHCLG Statutory Homelessness Detailed Local Authority Data Oct-Dec 2025, published 30 April 2026"
E08000003,Manchester,2025Q3,710,704,100,604,2865,398,154,55,25,66,65,"MHCLG Statutory Homelessness Detailed Local Authority Data Oct-Dec 2025, published 30 April 2026"
E08000004,Oldham,2025Q3,267,267,39,228,498,99,33,9,7,27,17,"MHCLG Statutory Homelessness Detailed Local Authority Data Oct-Dec 2025, published 30 April 2026"
E08000005,Rochdale,2025Q3,521,508,415,93,306,375,141,54,42,74,60,"MHCLG Statutory Homelessness Detailed Local Authority Data Oct-Dec 2025, published 30 April 2026"
E08000006,Salford,2025Q3,672,610,241,369,820,488,223,41,35,107,114,"MHCLG Statutory Homelessness Detailed Local Authority Data Oct-Dec 2025, published 30 April 2026"
E08000007,Stockport,2025Q3,338,338,211,127,200,266,114,8,16,29,11,"MHCLG Statutory Homelessness Detailed Local Authority Data Oct-Dec 2025, published 30 April 2026"
E08000008,Tameside,2025Q3,362,354,137,217,397,251,112,29,26,40,58,"MHCLG Statutory Homelessness Detailed Local Authority Data Oct-Dec 2025, published 30 April 2026"
E08000009,Trafford,2025Q3,354,351,214,137,276,190,68,15,56,36,32,"MHCLG Statutory Homelessness Detailed Local Authority Data Oct-Dec 2025, published 30 April 2026"
E08000010,Wigan,2025Q3,577,572,262,310,266,404,227,61,47,89,69,"MHCLG Statutory Homelessness Detailed Local Authority Data Oct-Dec 2025, published 30 April 2026"
E08000011,Knowsley,2025Q3,215,214,77,137,71,106,46,3,9,6,3,"MHCLG Statutory Homelessness Detailed Local Authority Data Oct-Dec 2025, published 30 April 2026"
E08000012,Liverpool,2025Q3,918,862,154,708,1739,480,214,47,20,92,52,"MHCLG Statutory Homelessness Detailed Local Authority Data Oct-Dec 2025, published 30 April 2026"
E08000013,St Helens,2025Q3,214,214,113,101,43,94,36,5,8,31,13,"MHCLG Statutory Homelessness Detailed Local Authority Data Oct-Dec 2025, published 30 April 2026"
E08000014,Sefton,2025Q3,253,245,69,176,200,147,65,14,11,16,7,"MHCLG Statutory Homelessness Detailed Local Authority Data Oct-Dec 2025, published 30 April 2026"
E08000015,Wirral,2025Q3,409,385,94,291,188,364,219,88,42,77,72,"MHCLG Statutory Homelessness Detailed Local Authority Data Oct-Dec 2025, published 30 April 2026"
E08000017,Doncaster,2025Q3,499,496,321,175,138,322,136,25,17,42,19,"MHCLG Statutory Homelessness Detailed Local Authority Data Oct-Dec 2025, published 30 April 2026"
E08000018,Rotherham,2025Q3,462,348,179,169,170,281,136,21,16,31,21,"MHCLG Statutory Homelessness Detailed Local Authority Data Oct-Dec 2025, published 30 April 2026"
E08000021,Newcastle on Tyne,2025Q3,615,604,223,381,206,553,344,67,64,177,183,"MHCLG Statutory Homelessness Detailed Local Authority Data Oct-Dec 2025, published 30 April 2026"
E08000022,North Tyneside,2025Q3,253,236,119,117,76,164,88,17,25,59,56,"MHCLG Statutory Homelessness Detailed Local Authority Data Oct-Dec 2025, published 30 April 2026"
E08000023,South Tyneside,2025Q3,377,377,209,168,44,310,103,10,19,31,18,"MHCLG Statutory Homelessness Detailed Local Authority Data Oct-Dec 2025, published 30 April 2026"
E08000024,Sunderland,2025Q3,507,479,162,317,180,456,337,74,67,171,71,"MHCLG Statutory Homelessness Detailed Local Authority Data Oct-Dec 2025, published 30 April 2026"
E08000025,Birmingham,2025Q3,1134,1106,456,650,5151,233,94,28,7,20,8,"MHCLG Statutory Homelessness Detailed Local Authority Data Oct-Dec 2025, published 30 April 2026"
E08000026,Coventry,2025Q3,672,614,188,426,1155,508,292,99,53,143,144,"MHCLG Statutory Homelessness Detailed Local Authority Data Oct-Dec 2025, published 30 April 2026"
E08000027,Dudley,2025Q3,898,439,97,342,15,74,22,3,5,8,1,"MHCLG Statutory Homelessness Detailed Local Authority Data Oct-Dec 2025, published 30 April 2026"
E08000028,Sandwell,2025Q3,435,401,246,155,241,131,28,2,6,4,1,"MHCLG Statutory Homelessness Detailed Local Authority Data Oct-Dec 2025, published 30 April 2026"
E08000029,Solihull,2025Q3,316,300,169,131,203,208,101,14,7,11,5,"MHCLG Statutory Homelessness Detailed Local Authority Data Oct-Dec 2025, published 30 April 2026"
E08000030,Walsall,2025Q3,106,94,39,55,125,56,18,1,1,2,5,"MHCLG Statutory Homelessness Detailed Local Authority Data Oct-Dec 2025, published 30 April 2026"
E08000031,Wolverhampton,2025Q3,786,474,186,288,258,205,75,13,4,23,16,"MHCLG Statutory Homelessness Detailed Local Authority Data Oct-Dec 2025, published 30 April 2026"
E08000032,Bradford,2025Q3,809,659,337,322,568,407,140,41,21,30,11,"MHCLG Statutory Homelessness Detailed Local Authority Data Oct-Dec 2025, published 30 April 2026"
E08000033,Calderdale,2025Q3,293,291,215,76,81,240,131,46,20,32,25,"MHCLG Statutory Homelessness Detailed Local Authority Data Oct-Dec 2025, published 30 April 2026"
E08000034,Kirklees,2025Q3,426,414,191,223,354,314,117,13,29,53,34,"MHCLG Statutory Homelessness Detailed Local Authority Data Oct-Dec 2025, published 30 April 2026"
E08000035,Leeds,2025Q3,1387,1330,648,682,732,529,229,40,36,57,28,"MHCLG Statutory Homelessness Detailed Local Authority Data Oct-Dec 2025, published 30 April 2026"
E08000036,Wakefield,2025Q3,424,412,306,106,274,237,137,15,34,78,37,"MHCLG Statutory Homelessness Detailed Local Authority Data Oct-Dec 2025, published 30 April 2026"
E08000037,Gateshead,2025Q3,357,335,223,112,119,247,160,35,37,72,40,"MHCLG Statutory Homelessness Detailed Local Authority Data Oct-Dec 2025, published 30 April 2026"
E08000038,Barnsley,2025Q3,267,256,92,164,54,131,49,8,32,19,13,"MHCLG Statutory Homelessness Detailed Local Authority Data Oct-Dec 2025, published 30 April 2026"
E08000039,Sheffield,2025Q3,947,897,428,469,691,841,537,198,64,184,237,"MHCLG Statutory Homelessness Detailed Local Authority Data Oct-Dec 2025, published 30 April 2026"
E09000001,City of London,2025Q3,12,10,0,10,33,5,2,0,0,1,2,"MHCLG Statutory Homelessness Detailed Local Authority Data Oct-Dec 2025, published 30 April 2026"
E09000002,Barking & Dagenham,2025Q3,349,336,180,156,1020,127,51,2,7,10,1,"MHCLG Statutory Homelessness Detailed Local Authority Data Oct-Dec 2025, published 30 April 2026"
E09000003,Barnet,2025Q3,862,820,323,497,2989,213,47,3,9,7,21,"MHCLG Statutory Homelessness Detailed Local Authority Data Oct-Dec 2025, published 30 April 2026"
E09000004,Bexley,2025Q3,213,212,163,49,289,173,51,13,2,12,9,"MHCLG Statutory Homelessness Detailed Local Authority Data Oct-Dec 2025, published 30 April 2026"
E09000005,Brent,2025Q3,860,655,167,488,,389,128,58,17,58,58,"MHCLG Statutory Homelessness Detailed Local Authority Data Oct-Dec 2025, published 30 April 2026"
E09000006,Bromley,2025Q3,287,218,145,73,1691,143,75,16,8,10,1,"MHCLG Statutory Homelessness Detailed Local Authority Data Oct-Dec 2025, published 30 April 2026"
E09000007,Camden,2025Q3,527,479,126,353,1339,379,214,47,35,35,72,"MHCLG Statutory Homelessness Detailed Local Authority Data Oct-Dec 2025, published 30 April 2026"
E09000008,Croydon,2025Q3,973,968,573,395,3272,385,240,90,14,43,88,"MHCLG Statutory Homelessness Detailed Local Authority Data Oct-Dec 2025, published 30 April 2026"
E09000009,Ealing,2025Q3,793,761,346,415,,173,51,11,6,7,5,"MHCLG Statutory Homelessness Detailed Local Authority Data Oct-Dec 2025, published 30 April 2026"
E09000010,Enfield,2025Q3,695,652,208,444,3090,343,89,24,7,29,13,"MHCLG Statutory Homelessness Detailed Local Authority Data Oct-Dec 2025, published 30 April 2026"
E09000011,Greenwich,2025Q3,586,566,227,339,1902,304,105,12,15,36,39,"MHCLG Statutory Homelessness Detailed Local Authority Data Oct-Dec 2025, published 30 April 2026"
E09000012,Hackney,2025Q3,569,548,226,322,3682,433,127,15,35,36,48,"MHCLG Statutory Homelessness Detailed Local Authority Data Oct-Dec 2025, published 30 April 2026"
E09000013,Hammersmith & Fulham,2025Q3,339,332,98,234,1451,126,33,7,5,13,33,"MHCLG Statutory Homelessness Detailed Local Authority Data Oct-Dec 2025, published 30 April 2026"
E09000014,Haringey,2025Q3,689,460,183,277,2648,177,49,5,4,38,5,"MHCLG Statutory Homelessness Detailed Local Authority Data Oct-Dec 2025, published 30 April 2026"
E09000015,Harrow,2025Q3,392,318,109,209,1436,246,105,63,7,9,43,"MHCLG Statutory Homelessness Detailed Local Authority Data Oct-Dec 2025, published 30 April 2026"
E09000016,Havering,2025Q3,495,437,208,229,1307,130,25,6,5,17,9,"MHCLG Statutory Homelessness Detailed Local Authority Data Oct-Dec 2025, published 30 April 2026"
E09000017,Hillingdon,2025Q3,864,856,305,551,1793,600,200,85,21,23,32,"MHCLG Statutory Homelessness Detailed Local Authority Data Oct-Dec 2025, published 30 April 2026"
E09000018,Hounslow,2025Q3,606,574,112,462,474,299,64,15,4,13,11,"MHCLG Statutory Homelessness Detailed Local Authority Data Oct-Dec 2025, published 30 April 2026"
E09000019,Islington,2025Q3,711,703,198,505,1908,402,111,12,15,44,15,"MHCLG Statutory Homelessness Detailed Local Authority Data Oct-Dec 2025, published 30 April 2026"
E09000020,Kensington & Chelsea,2025Q3,310,260,119,141,1814,91,49,6,3,10,12,"MHCLG Statutory Homelessness Detailed Local Authority Data Oct-Dec 2025, published 30 April 2026"
E09000021,Kingston upon Thames,2025Q3,139,110,66,44,890,45,24,7,2,5,8,"MHCLG Statutory Homelessness Detailed Local Authority Data Oct-Dec 2025, published 30 April 2026"
E09000022,Lambeth,2025Q3,733,682,317,365,4425,258,98,16,12,21,16,"MHCLG Statutory Homelessness Detailed Local Authority Data Oct-Dec 2025, published 30 April 2026"
E09000023,Lewisham,2025Q3,624,609,310,299,2363,409,219,84,29,64,53,"MHCLG Statutory Homelessness Detailed Local Authority Data Oct-Dec 2025, published 30 April 2026"
E09000024,Merton,2025Q3,245,238,197,41,746,97,33,11,7,6,8,"MHCLG Statutory Homelessness Detailed Local Authority Data Oct-Dec 2025, published 30 April 2026"
E09000025,Newham,2025Q3,807,723,254,469,7412,235,53,9,9,34,40,"MHCLG Statutory Homelessness Detailed Local Authority Data Oct-Dec 2025, published 30 April 2026"
E09000026,Redbridge,2025Q3,598,539,364,175,2874,323,76,19,5,7,7,"MHCLG Statutory Homelessness Detailed Local Authority Data Oct-Dec 2025, published 30 April 2026"
E09000027,Richmond upon Thames,2025Q3,392,190,81,109,681,48,18,2,2,8,10,"MHCLG Statutory Homelessness Detailed Local Authority Data Oct-Dec 2025, published 30 April 2026"
E09000028,Southwark,2025Q3,743,707,315,392,4163,468,217,60,21,43,52,"MHCLG Statutory Homelessness Detailed Local Authority Data Oct-Dec 2025, published 30 April 2026"
E09000029,Sutton,2025Q3,203,137,59,78,1081,55,28,6,5,4,2,"MHCLG Statutory Homelessness Detailed Local Authority Data Oct-Dec 2025, published 30 April 2026"
E09000030,Tower Hamlets,2025Q3,668,612,161,451,3096,351,159,20,27,74,50,"MHCLG Statutory Homelessness Detailed Local Authority Data Oct-Dec 2025, published 30 April 2026"
E09000031,Waltham Forest,2025Q3,479,472,97,375,1657,235,86,15,14,14,16,"MHCLG Statutory Homelessness Detailed Local Authority Data Oct-Dec 2025, published 30 April 2026"
E09000032,Wandsworth,2025Q3,911,620,213,407,4176,239,90,27,13,16,20,"MHCLG Statutory Homelessness Detailed Local Authority Data Oct-Dec 2025, published 30 April 2026"
E09000033,Westminster,2025Q3,585,485,86,399,4732,228,107,10,17,18,9,"MHCLG Statutory Homelessness Detailed Local Authority Data Oct-Dec 2025, published 30 April 2026"
