register_as_at,2026-10-11
la_name,lad24cd,notice_date,financial_year,reason,date_confirmed,attribution,successor_codes,attribution_note,evidence_url,evidence_title,checked_on
Hackney,E09000012,2000-10-17,2000-01,Overspend,exact,direct,,,https://www.lgcplus.com/archive/hackney-on-brink-of-cash-meltdown-district-auditor-prompts-s114-notice-19-10-2000/,"Local Government Chronicle, 19 October 2000: Hackney on brink of cash meltdown - district auditor prompts s114 notice (press report quoting the council's managing director and the treasurer's s114 report; no council document found; the day 17 October is as held, not stated in this report)",2026-10-10
Northamptonshire,E10000021,2018-02-02,2017-18,Overspend,exact,predecessor,E06000061;E06000062,"Northamptonshire County Council, abolished 31 March 2021. Retained against the issuing code and deliberately NOT propagated to the successors. In 2018 Northamptonshire was two-tier: the county held social care and education while housing and homelessness sat with the seven district councils, so the issuing authority did not hold the functions S12 exists to signal about. Propagating would also fan out - one predecessor, two successors, so any join by predecessor doubles the notice. successor_codes is reference only and must never be used as a join path.",https://localgovernmentlawyer.co.uk/governance/396-governance-news/37093-director-of-finance-at-county-council-imposes-emergency-spending-controls,"Local Government Lawyer, 5 February 2018: Director of Finance at county council imposes emergency spending controls (press report quoting the council's statement; notice issued Friday 2 February; no council document found; the inspector's Best Value Inspection report on gov.uk also gives 2 February 2018)",2026-10-10
Northamptonshire,E10000021,2018-07-01,2018-19,Overspend,approximate - month only confirmed,predecessor,E06000061;E06000062,"Northamptonshire County Council, abolished 31 March 2021. Retained against the issuing code and deliberately NOT propagated to the successors. In 2018 Northamptonshire was two-tier: the county held social care and education while housing and homelessness sat with the seven district councils, so the issuing authority did not hold the functions S12 exists to signal about. Propagating would also fan out - one predecessor, two successors, so any join by predecessor doubles the notice. successor_codes is reference only and must never be used as a join path.",https://localgovernmentlawyer.co.uk/governance/396-governance-news/38757-second-s114-notice-issued-at-financially-troubled-northamptonshire,"Local Government Lawyer, 24 July 2018: Second s.114 notice issued at financially-troubled Northamptonshire (press report quoting the council leader; no council document found; day of issue not stated, month only)",2026-10-10
Nottingham,E06000018,2021-12-15,2021-22,Unlawful HRA diversion,exact,direct,,,https://committee.nottinghamcity.gov.uk/documents/g9463/Public%20reports%20pack%2004th-Jan-2022%2017.00%20City%20Council%20Extraordinary.pdf?T=10,"Nottingham City Council, extraordinary City Council 4 January 2022, agenda item 4: consideration of and response to the Section 114 report and Section 5 report dated 15th December 2021",2026-10-10
Croydon,E09000008,2020-11-11,2020-21,Overspend,exact,direct,,,https://www.croydon.gov.uk/sites/default/files/2021-03/Section%20114%20report%20-%202%20December%202020.pdf,"Croydon Council, second report under Section 114(3), 2 December 2020 (paragraph 1.3: the first notice was issued to all members on 11 November 2020)",2026-10-10
Croydon,E09000008,2020-12-02,2020-21,Overspend,exact,direct,,,https://www.croydon.gov.uk/sites/default/files/2021-03/Section%20114%20report%20-%202%20December%202020.pdf,"Croydon Council, report under Section 114(3), Lisa Taylor, Director of Finance, Investment and Risk and Section 151 Officer, dated 02/12/20 (the report itself: the second report issued under Section 114(3); paragraph 1.4: Full Council on 1 December 2020 could not deliver a balanced budget)",2026-10-11
Slough,E06000039,2021-07-02,2021-22,Overspend,exact,direct,,,https://www.slough.gov.uk/downloads/file/2040/slough-s114-notice-2-july-2021,"Slough Borough Council, report to all elected members under s.114 Local Government Finance Act 1988, Steven Mair, Chief Finance Officer, 2 July 2021",2026-10-10
Northumberland,E06000057,2022-05-23,2022-23,Unlawful expenditure,exact,direct,,,https://northumberland.moderngov.co.uk/mgAi.aspx?ID=4537,"Northumberland County Council, extraordinary County Council 8 June 2022, item 4: Statutory Report under Sections 114 and 114A (the Chief Finance Officer issued the report to members on 23 May 2022)",2026-10-10
Croydon,E09000008,2022-11-22,2022-23,Overspend,exact,direct,,,https://democracy.croydon.gov.uk/documents/s41881/Appendix%201%20-%20S114%20Notice.pdf,"Croydon Council, report under Section 114(3), Jane West, Corporate Director Resources and S151 Officer, 22 November 2022 (Appendix 1, extraordinary Council 12 December 2022)",2026-10-10
Thurrock,E06000034,2022-12-19,2022-23,Risky investments,exact,direct,,,https://www.thurrock.gov.uk/sites/default/files/assets/documents/section114-notice.pdf,"Thurrock Council, report to all elected members, s.114 Local Government Finance Act 1988, Jonathan Wilson, Acting Director of Finance (timetable: issue of Section 114 Notice 19 December 2022)",2026-10-10
Woking,E07000217,2023-06-07,2023-24,Risky investments,exact,direct,,,https://www.woking.gov.uk/news/council-issues-section-114-notice-response-severe-financial-challenges,"Woking Borough Council news, 7 June 2023: Council issues Section 114 Notice in response to severe financial challenges (the council's own statement; the s114 report itself was not located)",2026-10-10
Birmingham,E08000025,2023-09-05,2023-24,Equal pay liability,exact,direct,,,https://www.birmingham.gov.uk/download/downloads/id/27684/section_114_notice.pdf,"Birmingham City Council, report to all elected members under Section 114(3), Fiona Greenway, Interim Director of Finance (Section 151 Officer), date of report 5th September 2023",2026-10-10
Nottingham,E06000018,2023-11-29,2023-24,Overspend,exact,direct,,,https://www.nottinghamcity.gov.uk/media/jmzb22b0/report-made-under-part-viii-s114-3-of-the-local-government-finance-act-1988-291123.pdf,"Nottingham City Council, report under s.114(3) Local Government Finance Act 1988, Ross Brown, Corporate Director of Finance and Resources, date of report 29 November 2023",2026-10-10
Barnet,E09000003,2025-01-20,2024-25,Unlawful pension payments,exact,direct,,,https://barnet.moderngov.co.uk/documents/s87758/Appendix%20A%20joint%20report%20S5S114.pdf,"London Borough of Barnet, joint report of the Monitoring Officer and Chief Finance Officer under Section 5(2)(a) Local Government and Housing Act 1989 and Section 114(2)(a) Local Government Finance Act 1988, date of report 20th January 2025 (Full Council 28 January 2025)",2026-10-10
