lad24cd,la_name,rough_sleeping_2025,rough_sleeping_2024,snapshot_year,source
E07000223,Adur,3,6,2025,MHCLG Rough Sleeping Snapshot autumn 2025 published 26 Feb 2026
E07000032,Amber Valley,5,3,2025,MHCLG Rough Sleeping Snapshot autumn 2025 published 26 Feb 2026
E07000224,Arun,16,16,2025,MHCLG Rough Sleeping Snapshot autumn 2025 published 26 Feb 2026
E07000170,Ashfield,13,5,2025,MHCLG Rough Sleeping Snapshot autumn 2025 published 26 Feb 2026
E07000105,Ashford,12,8,2025,MHCLG Rough Sleeping Snapshot autumn 2025 published 26 Feb 2026
E07000200,Babergh,7,3,2025,MHCLG Rough Sleeping Snapshot autumn 2025 published 26 Feb 2026
E09000002,Barking and Dagenham,14,6,2025,MHCLG Rough Sleeping Snapshot autumn 2025 published 26 Feb 2026
E09000003,Barnet,17,15,2025,MHCLG Rough Sleeping Snapshot autumn 2025 published 26 Feb 2026
E08000038,Barnsley,3,7,2025,MHCLG Rough Sleeping Snapshot autumn 2025 published 26 Feb 2026
E07000066,Basildon,27,16,2025,MHCLG Rough Sleeping Snapshot autumn 2025 published 26 Feb 2026
E07000084,Basingstoke and Deane,6,2,2025,MHCLG Rough Sleeping Snapshot autumn 2025 published 26 Feb 2026
E07000171,Bassetlaw,6,12,2025,MHCLG Rough Sleeping Snapshot autumn 2025 published 26 Feb 2026
E06000022,Bath and North East Somerset,10,11,2025,MHCLG Rough Sleeping Snapshot autumn 2025 published 26 Feb 2026
E06000055,Bedford,23,14,2025,MHCLG Rough Sleeping Snapshot autumn 2025 published 26 Feb 2026
E09000004,Bexley,5,10,2025,MHCLG Rough Sleeping Snapshot autumn 2025 published 26 Feb 2026
E08000025,Birmingham,68,59,2025,MHCLG Rough Sleeping Snapshot autumn 2025 published 26 Feb 2026
E07000129,Blaby,1,0,2025,MHCLG Rough Sleeping Snapshot autumn 2025 published 26 Feb 2026
E06000008,Blackburn with Darwen,13,11,2025,MHCLG Rough Sleeping Snapshot autumn 2025 published 26 Feb 2026
E06000009,Blackpool,11,24,2025,MHCLG Rough Sleeping Snapshot autumn 2025 published 26 Feb 2026
E07000033,Bolsover,2,1,2025,MHCLG Rough Sleeping Snapshot autumn 2025 published 26 Feb 2026
E08000001,Bolton,5,8,2025,MHCLG Rough Sleeping Snapshot autumn 2025 published 26 Feb 2026
E07000136,Boston,10,17,2025,MHCLG Rough Sleeping Snapshot autumn 2025 published 26 Feb 2026
E06000058,"Bournemouth, Christchurch and Poole",53,63,2025,MHCLG Rough Sleeping Snapshot autumn 2025 published 26 Feb 2026
E06000036,Bracknell Forest,5,10,2025,MHCLG Rough Sleeping Snapshot autumn 2025 published 26 Feb 2026
E08000032,Bradford,35,36,2025,MHCLG Rough Sleeping Snapshot autumn 2025 published 26 Feb 2026
E07000067,Braintree,5,4,2025,MHCLG Rough Sleeping Snapshot autumn 2025 published 26 Feb 2026
E07000143,Breckland,21,32,2025,MHCLG Rough Sleeping Snapshot autumn 2025 published 26 Feb 2026
E09000005,Brent,55,45,2025,MHCLG Rough Sleeping Snapshot autumn 2025 published 26 Feb 2026
E07000068,Brentwood,4,4,2025,MHCLG Rough Sleeping Snapshot autumn 2025 published 26 Feb 2026
E06000043,Brighton and Hove,57,76,2025,MHCLG Rough Sleeping Snapshot autumn 2025 published 26 Feb 2026
E06000023,"Bristol, City of",70,77,2025,MHCLG Rough Sleeping Snapshot autumn 2025 published 26 Feb 2026
E07000144,Broadland,1,1,2025,MHCLG Rough Sleeping Snapshot autumn 2025 published 26 Feb 2026
E09000006,Bromley,10,8,2025,MHCLG Rough Sleeping Snapshot autumn 2025 published 26 Feb 2026
E07000234,Bromsgrove,3,3,2025,MHCLG Rough Sleeping Snapshot autumn 2025 published 26 Feb 2026
E07000095,Broxbourne,3,6,2025,MHCLG Rough Sleeping Snapshot autumn 2025 published 26 Feb 2026
E07000172,Broxtowe,0,5,2025,MHCLG Rough Sleeping Snapshot autumn 2025 published 26 Feb 2026
E06000060,Buckinghamshire,22,22,2025,MHCLG Rough Sleeping Snapshot autumn 2025 published 26 Feb 2026
E07000117,Burnley,6,1,2025,MHCLG Rough Sleeping Snapshot autumn 2025 published 26 Feb 2026
E08000002,Bury,5,8,2025,MHCLG Rough Sleeping Snapshot autumn 2025 published 26 Feb 2026
E08000033,Calderdale,2,6,2025,MHCLG Rough Sleeping Snapshot autumn 2025 published 26 Feb 2026
E07000008,Cambridge,26,26,2025,MHCLG Rough Sleeping Snapshot autumn 2025 published 26 Feb 2026
E09000007,Camden,134,132,2025,MHCLG Rough Sleeping Snapshot autumn 2025 published 26 Feb 2026
E07000192,Cannock Chase,1,4,2025,MHCLG Rough Sleeping Snapshot autumn 2025 published 26 Feb 2026
E07000106,Canterbury,29,31,2025,MHCLG Rough Sleeping Snapshot autumn 2025 published 26 Feb 2026
E07000069,Castle Point,0,2,2025,MHCLG Rough Sleeping Snapshot autumn 2025 published 26 Feb 2026
E06000056,Central Bedfordshire,10,11,2025,MHCLG Rough Sleeping Snapshot autumn 2025 published 26 Feb 2026
E07000130,Charnwood,10,10,2025,MHCLG Rough Sleeping Snapshot autumn 2025 published 26 Feb 2026
E07000070,Chelmsford,13,19,2025,MHCLG Rough Sleeping Snapshot autumn 2025 published 26 Feb 2026
E07000078,Cheltenham,8,7,2025,MHCLG Rough Sleeping Snapshot autumn 2025 published 26 Feb 2026
E07000177,Cherwell,10,14,2025,MHCLG Rough Sleeping Snapshot autumn 2025 published 26 Feb 2026
E06000049,Cheshire East,10,8,2025,MHCLG Rough Sleeping Snapshot autumn 2025 published 26 Feb 2026
E06000050,Cheshire West and Chester,29,14,2025,MHCLG Rough Sleeping Snapshot autumn 2025 published 26 Feb 2026
E07000034,Chesterfield,13,12,2025,MHCLG Rough Sleeping Snapshot autumn 2025 published 26 Feb 2026
E07000225,Chichester,9,4,2025,MHCLG Rough Sleeping Snapshot autumn 2025 published 26 Feb 2026
E07000118,Chorley,2,0,2025,MHCLG Rough Sleeping Snapshot autumn 2025 published 26 Feb 2026
E09000001,City of London,83,86,2025,MHCLG Rough Sleeping Snapshot autumn 2025 published 26 Feb 2026
E07000071,Colchester,6,7,2025,MHCLG Rough Sleeping Snapshot autumn 2025 published 26 Feb 2026
E06000052,Cornwall,65,53,2025,MHCLG Rough Sleeping Snapshot autumn 2025 published 26 Feb 2026
E07000079,Cotswold,1,1,2025,MHCLG Rough Sleeping Snapshot autumn 2025 published 26 Feb 2026
E06000047,County Durham,20,18,2025,MHCLG Rough Sleeping Snapshot autumn 2025 published 26 Feb 2026
E08000026,Coventry,29,16,2025,MHCLG Rough Sleeping Snapshot autumn 2025 published 26 Feb 2026
E07000226,Crawley,32,14,2025,MHCLG Rough Sleeping Snapshot autumn 2025 published 26 Feb 2026
E09000008,Croydon,24,38,2025,MHCLG Rough Sleeping Snapshot autumn 2025 published 26 Feb 2026
E06000063,Cumberland,2,1,2025,MHCLG Rough Sleeping Snapshot autumn 2025 published 26 Feb 2026
E07000096,Dacorum,8,7,2025,MHCLG Rough Sleeping Snapshot autumn 2025 published 26 Feb 2026
E06000005,Darlington,3,6,2025,MHCLG Rough Sleeping Snapshot autumn 2025 published 26 Feb 2026
E07000107,Dartford,11,10,2025,MHCLG Rough Sleeping Snapshot autumn 2025 published 26 Feb 2026
E06000015,Derby,21,14,2025,MHCLG Rough Sleeping Snapshot autumn 2025 published 26 Feb 2026
E07000035,Derbyshire Dales,1,0,2025,MHCLG Rough Sleeping Snapshot autumn 2025 published 26 Feb 2026
E08000017,Doncaster,32,33,2025,MHCLG Rough Sleeping Snapshot autumn 2025 published 26 Feb 2026
E06000059,Dorset,14,15,2025,MHCLG Rough Sleeping Snapshot autumn 2025 published 26 Feb 2026
E07000108,Dover,8,7,2025,MHCLG Rough Sleeping Snapshot autumn 2025 published 26 Feb 2026
E08000027,Dudley,7,5,2025,MHCLG Rough Sleeping Snapshot autumn 2025 published 26 Feb 2026
E09000009,Ealing,42,38,2025,MHCLG Rough Sleeping Snapshot autumn 2025 published 26 Feb 2026
E07000009,East Cambridgeshire,4,3,2025,MHCLG Rough Sleeping Snapshot autumn 2025 published 26 Feb 2026
E07000040,East Devon,9,3,2025,MHCLG Rough Sleeping Snapshot autumn 2025 published 26 Feb 2026
E07000085,East Hampshire,2,0,2025,MHCLG Rough Sleeping Snapshot autumn 2025 published 26 Feb 2026
E07000242,East Hertfordshire,5,7,2025,MHCLG Rough Sleeping Snapshot autumn 2025 published 26 Feb 2026
E07000137,East Lindsey,12,17,2025,MHCLG Rough Sleeping Snapshot autumn 2025 published 26 Feb 2026
E06000011,East Riding of Yorkshire,7,9,2025,MHCLG Rough Sleeping Snapshot autumn 2025 published 26 Feb 2026
E07000193,East Staffordshire,0,1,2025,MHCLG Rough Sleeping Snapshot autumn 2025 published 26 Feb 2026
E07000244,East Suffolk,25,11,2025,MHCLG Rough Sleeping Snapshot autumn 2025 published 26 Feb 2026
E07000061,Eastbourne,29,26,2025,MHCLG Rough Sleeping Snapshot autumn 2025 published 26 Feb 2026
E07000086,Eastleigh,2,2,2025,MHCLG Rough Sleeping Snapshot autumn 2025 published 26 Feb 2026
E07000207,Elmbridge,12,12,2025,MHCLG Rough Sleeping Snapshot autumn 2025 published 26 Feb 2026
E09000010,Enfield,6,6,2025,MHCLG Rough Sleeping Snapshot autumn 2025 published 26 Feb 2026
E07000072,Epping Forest,3,1,2025,MHCLG Rough Sleeping Snapshot autumn 2025 published 26 Feb 2026
E07000208,Epsom and Ewell,0,4,2025,MHCLG Rough Sleeping Snapshot autumn 2025 published 26 Feb 2026
E07000036,Erewash,2,4,2025,MHCLG Rough Sleeping Snapshot autumn 2025 published 26 Feb 2026
E07000041,Exeter,51,11,2025,MHCLG Rough Sleeping Snapshot autumn 2025 published 26 Feb 2026
E07000087,Fareham,4,3,2025,MHCLG Rough Sleeping Snapshot autumn 2025 published 26 Feb 2026
E07000010,Fenland,7,7,2025,MHCLG Rough Sleeping Snapshot autumn 2025 published 26 Feb 2026
E07000112,Folkestone and Hythe,21,9,2025,MHCLG Rough Sleeping Snapshot autumn 2025 published 26 Feb 2026
E07000080,Forest of Dean,6,2,2025,MHCLG Rough Sleeping Snapshot autumn 2025 published 26 Feb 2026
E07000119,Fylde,7,5,2025,MHCLG Rough Sleeping Snapshot autumn 2025 published 26 Feb 2026
E08000037,Gateshead,5,5,2025,MHCLG Rough Sleeping Snapshot autumn 2025 published 26 Feb 2026
E07000173,Gedling,2,3,2025,MHCLG Rough Sleeping Snapshot autumn 2025 published 26 Feb 2026
E07000081,Gloucester,24,28,2025,MHCLG Rough Sleeping Snapshot autumn 2025 published 26 Feb 2026
E07000088,Gosport,3,2,2025,MHCLG Rough Sleeping Snapshot autumn 2025 published 26 Feb 2026
E07000109,Gravesham,8,9,2025,MHCLG Rough Sleeping Snapshot autumn 2025 published 26 Feb 2026
E07000145,Great Yarmouth,23,23,2025,MHCLG Rough Sleeping Snapshot autumn 2025 published 26 Feb 2026
E09000011,Greenwich,18,35,2025,MHCLG Rough Sleeping Snapshot autumn 2025 published 26 Feb 2026
E07000209,Guildford,9,6,2025,MHCLG Rough Sleeping Snapshot autumn 2025 published 26 Feb 2026
E09000012,Hackney,14,20,2025,MHCLG Rough Sleeping Snapshot autumn 2025 published 26 Feb 2026
E06000006,Halton,6,1,2025,MHCLG Rough Sleeping Snapshot autumn 2025 published 26 Feb 2026
E09000013,Hammersmith and Fulham,9,10,2025,MHCLG Rough Sleeping Snapshot autumn 2025 published 26 Feb 2026
E07000131,Harborough,3,2,2025,MHCLG Rough Sleeping Snapshot autumn 2025 published 26 Feb 2026
E09000014,Haringey,26,32,2025,MHCLG Rough Sleeping Snapshot autumn 2025 published 26 Feb 2026
E07000073,Harlow,16,13,2025,MHCLG Rough Sleeping Snapshot autumn 2025 published 26 Feb 2026
E09000015,Harrow,6,7,2025,MHCLG Rough Sleeping Snapshot autumn 2025 published 26 Feb 2026
E07000089,Hart,0,1,2025,MHCLG Rough Sleeping Snapshot autumn 2025 published 26 Feb 2026
E06000001,Hartlepool,4,6,2025,MHCLG Rough Sleeping Snapshot autumn 2025 published 26 Feb 2026
E07000062,Hastings,37,41,2025,MHCLG Rough Sleeping Snapshot autumn 2025 published 26 Feb 2026
E07000090,Havant,4,4,2025,MHCLG Rough Sleeping Snapshot autumn 2025 published 26 Feb 2026
E09000016,Havering,7,9,2025,MHCLG Rough Sleeping Snapshot autumn 2025 published 26 Feb 2026
E06000019,"Herefordshire, County of",16,27,2025,MHCLG Rough Sleeping Snapshot autumn 2025 published 26 Feb 2026
E07000098,Hertsmere,2,2,2025,MHCLG Rough Sleeping Snapshot autumn 2025 published 26 Feb 2026
E07000037,High Peak,3,2,2025,MHCLG Rough Sleeping Snapshot autumn 2025 published 26 Feb 2026
E09000017,Hillingdon,40,37,2025,MHCLG Rough Sleeping Snapshot autumn 2025 published 26 Feb 2026
E07000132,Hinckley and Bosworth,6,6,2025,MHCLG Rough Sleeping Snapshot autumn 2025 published 26 Feb 2026
E07000227,Horsham,9,3,2025,MHCLG Rough Sleeping Snapshot autumn 2025 published 26 Feb 2026
E09000018,Hounslow,44,41,2025,MHCLG Rough Sleeping Snapshot autumn 2025 published 26 Feb 2026
E07000011,Huntingdonshire,15,9,2025,MHCLG Rough Sleeping Snapshot autumn 2025 published 26 Feb 2026
E07000120,Hyndburn,2,6,2025,MHCLG Rough Sleeping Snapshot autumn 2025 published 26 Feb 2026
E07000202,Ipswich,7,10,2025,MHCLG Rough Sleeping Snapshot autumn 2025 published 26 Feb 2026
E06000046,Isle of Wight,10,8,2025,MHCLG Rough Sleeping Snapshot autumn 2025 published 26 Feb 2026
E06000053,Isles of Scilly,0,0,2025,MHCLG Rough Sleeping Snapshot autumn 2025 published 26 Feb 2026
E09000019,Islington,26,21,2025,MHCLG Rough Sleeping Snapshot autumn 2025 published 26 Feb 2026
E09000020,Kensington and Chelsea,13,16,2025,MHCLG Rough Sleeping Snapshot autumn 2025 published 26 Feb 2026
E07000146,King's Lynn and West Norfolk,1,7,2025,MHCLG Rough Sleeping Snapshot autumn 2025 published 26 Feb 2026
E06000010,"Kingston upon Hull, City of",36,31,2025,MHCLG Rough Sleeping Snapshot autumn 2025 published 26 Feb 2026
E09000021,Kingston upon Thames,17,32,2025,MHCLG Rough Sleeping Snapshot autumn 2025 published 26 Feb 2026
E08000034,Kirklees,22,32,2025,MHCLG Rough Sleeping Snapshot autumn 2025 published 26 Feb 2026
E08000011,Knowsley,14,4,2025,MHCLG Rough Sleeping Snapshot autumn 2025 published 26 Feb 2026
E09000022,Lambeth,38,31,2025,MHCLG Rough Sleeping Snapshot autumn 2025 published 26 Feb 2026
E07000121,Lancaster,9,12,2025,MHCLG Rough Sleeping Snapshot autumn 2025 published 26 Feb 2026
E08000035,Leeds,65,69,2025,MHCLG Rough Sleeping Snapshot autumn 2025 published 26 Feb 2026
E06000016,Leicester,51,61,2025,MHCLG Rough Sleeping Snapshot autumn 2025 published 26 Feb 2026
E07000063,Lewes,15,14,2025,MHCLG Rough Sleeping Snapshot autumn 2025 published 26 Feb 2026
E09000023,Lewisham,23,20,2025,MHCLG Rough Sleeping Snapshot autumn 2025 published 26 Feb 2026
E07000194,Lichfield,4,4,2025,MHCLG Rough Sleeping Snapshot autumn 2025 published 26 Feb 2026
E07000138,Lincoln,21,21,2025,MHCLG Rough Sleeping Snapshot autumn 2025 published 26 Feb 2026
E08000012,Liverpool,35,47,2025,MHCLG Rough Sleeping Snapshot autumn 2025 published 26 Feb 2026
E06000032,Luton,16,36,2025,MHCLG Rough Sleeping Snapshot autumn 2025 published 26 Feb 2026
E07000110,Maidstone,9,22,2025,MHCLG Rough Sleeping Snapshot autumn 2025 published 26 Feb 2026
E07000074,Maldon,3,3,2025,MHCLG Rough Sleeping Snapshot autumn 2025 published 26 Feb 2026
E07000235,Malvern Hills,5,2,2025,MHCLG Rough Sleeping Snapshot autumn 2025 published 26 Feb 2026
E08000003,Manchester,55,46,2025,MHCLG Rough Sleeping Snapshot autumn 2025 published 26 Feb 2026
E07000174,Mansfield,25,13,2025,MHCLG Rough Sleeping Snapshot autumn 2025 published 26 Feb 2026
E06000035,Medway,11,10,2025,MHCLG Rough Sleeping Snapshot autumn 2025 published 26 Feb 2026
E07000133,Melton,0,1,2025,MHCLG Rough Sleeping Snapshot autumn 2025 published 26 Feb 2026
E09000024,Merton,29,16,2025,MHCLG Rough Sleeping Snapshot autumn 2025 published 26 Feb 2026
E07000042,Mid Devon,5,4,2025,MHCLG Rough Sleeping Snapshot autumn 2025 published 26 Feb 2026
E07000203,Mid Suffolk,6,0,2025,MHCLG Rough Sleeping Snapshot autumn 2025 published 26 Feb 2026
E07000228,Mid Sussex,4,2,2025,MHCLG Rough Sleeping Snapshot autumn 2025 published 26 Feb 2026
E06000002,Middlesbrough,23,25,2025,MHCLG Rough Sleeping Snapshot autumn 2025 published 26 Feb 2026
E06000042,Milton Keynes,27,35,2025,MHCLG Rough Sleeping Snapshot autumn 2025 published 26 Feb 2026
E07000210,Mole Valley,5,1,2025,MHCLG Rough Sleeping Snapshot autumn 2025 published 26 Feb 2026
E07000091,New Forest,2,1,2025,MHCLG Rough Sleeping Snapshot autumn 2025 published 26 Feb 2026
E07000175,Newark and Sherwood,6,5,2025,MHCLG Rough Sleeping Snapshot autumn 2025 published 26 Feb 2026
E08000021,Newcastle upon Tyne,46,21,2025,MHCLG Rough Sleeping Snapshot autumn 2025 published 26 Feb 2026
E07000195,Newcastle-under-Lyme,12,7,2025,MHCLG Rough Sleeping Snapshot autumn 2025 published 26 Feb 2026
E09000025,Newham,25,28,2025,MHCLG Rough Sleeping Snapshot autumn 2025 published 26 Feb 2026
E07000043,North Devon,6,15,2025,MHCLG Rough Sleeping Snapshot autumn 2025 published 26 Feb 2026
E07000038,North East Derbyshire,3,2,2025,MHCLG Rough Sleeping Snapshot autumn 2025 published 26 Feb 2026
E06000012,North East Lincolnshire,12,14,2025,MHCLG Rough Sleeping Snapshot autumn 2025 published 26 Feb 2026
E07000099,North Hertfordshire,1,4,2025,MHCLG Rough Sleeping Snapshot autumn 2025 published 26 Feb 2026
E07000139,North Kesteven,0,1,2025,MHCLG Rough Sleeping Snapshot autumn 2025 published 26 Feb 2026
E06000013,North Lincolnshire,6,5,2025,MHCLG Rough Sleeping Snapshot autumn 2025 published 26 Feb 2026
E07000147,North Norfolk,3,4,2025,MHCLG Rough Sleeping Snapshot autumn 2025 published 26 Feb 2026
E06000061,North Northamptonshire,27,23,2025,MHCLG Rough Sleeping Snapshot autumn 2025 published 26 Feb 2026
E06000024,North Somerset,11,15,2025,MHCLG Rough Sleeping Snapshot autumn 2025 published 26 Feb 2026
E08000022,North Tyneside,5,7,2025,MHCLG Rough Sleeping Snapshot autumn 2025 published 26 Feb 2026
E07000218,North Warwickshire,0,1,2025,MHCLG Rough Sleeping Snapshot autumn 2025 published 26 Feb 2026
E07000134,North West Leicestershire,1,5,2025,MHCLG Rough Sleeping Snapshot autumn 2025 published 26 Feb 2026
E06000065,North Yorkshire,23,34,2025,MHCLG Rough Sleeping Snapshot autumn 2025 published 26 Feb 2026
E06000057,Northumberland,17,13,2025,MHCLG Rough Sleeping Snapshot autumn 2025 published 26 Feb 2026
E07000148,Norwich,9,12,2025,MHCLG Rough Sleeping Snapshot autumn 2025 published 26 Feb 2026
E06000018,Nottingham,59,56,2025,MHCLG Rough Sleeping Snapshot autumn 2025 published 26 Feb 2026
E07000219,Nuneaton and Bedworth,14,10,2025,MHCLG Rough Sleeping Snapshot autumn 2025 published 26 Feb 2026
E07000135,Oadby and Wigston,0,0,2025,MHCLG Rough Sleeping Snapshot autumn 2025 published 26 Feb 2026
E08000004,Oldham,6,10,2025,MHCLG Rough Sleeping Snapshot autumn 2025 published 26 Feb 2026
E07000178,Oxford,32,41,2025,MHCLG Rough Sleeping Snapshot autumn 2025 published 26 Feb 2026
E07000122,Pendle,6,1,2025,MHCLG Rough Sleeping Snapshot autumn 2025 published 26 Feb 2026
E06000031,Peterborough,30,16,2025,MHCLG Rough Sleeping Snapshot autumn 2025 published 26 Feb 2026
E06000026,Plymouth,43,40,2025,MHCLG Rough Sleeping Snapshot autumn 2025 published 26 Feb 2026
E06000044,Portsmouth,28,26,2025,MHCLG Rough Sleeping Snapshot autumn 2025 published 26 Feb 2026
E07000123,Preston,9,23,2025,MHCLG Rough Sleeping Snapshot autumn 2025 published 26 Feb 2026
E06000038,Reading,43,57,2025,MHCLG Rough Sleeping Snapshot autumn 2025 published 26 Feb 2026
E09000026,Redbridge,27,19,2025,MHCLG Rough Sleeping Snapshot autumn 2025 published 26 Feb 2026
E06000003,Redcar and Cleveland,6,5,2025,MHCLG Rough Sleeping Snapshot autumn 2025 published 26 Feb 2026
E07000236,Redditch,9,4,2025,MHCLG Rough Sleeping Snapshot autumn 2025 published 26 Feb 2026
E07000211,Reigate and Banstead,6,3,2025,MHCLG Rough Sleeping Snapshot autumn 2025 published 26 Feb 2026
E07000124,Ribble Valley,3,1,2025,MHCLG Rough Sleeping Snapshot autumn 2025 published 26 Feb 2026
E09000027,Richmond upon Thames,10,7,2025,MHCLG Rough Sleeping Snapshot autumn 2025 published 26 Feb 2026
E08000005,Rochdale,2,5,2025,MHCLG Rough Sleeping Snapshot autumn 2025 published 26 Feb 2026
E07000075,Rochford,0,0,2025,MHCLG Rough Sleeping Snapshot autumn 2025 published 26 Feb 2026
E07000125,Rossendale,0,0,2025,MHCLG Rough Sleeping Snapshot autumn 2025 published 26 Feb 2026
E07000064,Rother,12,12,2025,MHCLG Rough Sleeping Snapshot autumn 2025 published 26 Feb 2026
E08000018,Rotherham,6,8,2025,MHCLG Rough Sleeping Snapshot autumn 2025 published 26 Feb 2026
E07000220,Rugby,11,13,2025,MHCLG Rough Sleeping Snapshot autumn 2025 published 26 Feb 2026
E07000212,Runnymede,7,2,2025,MHCLG Rough Sleeping Snapshot autumn 2025 published 26 Feb 2026
E07000176,Rushcliffe,7,9,2025,MHCLG Rough Sleeping Snapshot autumn 2025 published 26 Feb 2026
E07000092,Rushmoor,5,7,2025,MHCLG Rough Sleeping Snapshot autumn 2025 published 26 Feb 2026
E06000017,Rutland,0,1,2025,MHCLG Rough Sleeping Snapshot autumn 2025 published 26 Feb 2026
E08000006,Salford,41,18,2025,MHCLG Rough Sleeping Snapshot autumn 2025 published 26 Feb 2026
E08000028,Sandwell,12,8,2025,MHCLG Rough Sleeping Snapshot autumn 2025 published 26 Feb 2026
E08000014,Sefton,14,8,2025,MHCLG Rough Sleeping Snapshot autumn 2025 published 26 Feb 2026
E07000111,Sevenoaks,6,1,2025,MHCLG Rough Sleeping Snapshot autumn 2025 published 26 Feb 2026
E08000039,Sheffield,38,52,2025,MHCLG Rough Sleeping Snapshot autumn 2025 published 26 Feb 2026
E06000051,Shropshire,22,19,2025,MHCLG Rough Sleeping Snapshot autumn 2025 published 26 Feb 2026
E06000039,Slough,18,36,2025,MHCLG Rough Sleeping Snapshot autumn 2025 published 26 Feb 2026
E08000029,Solihull,19,12,2025,MHCLG Rough Sleeping Snapshot autumn 2025 published 26 Feb 2026
E06000066,Somerset,103,80,2025,MHCLG Rough Sleeping Snapshot autumn 2025 published 26 Feb 2026
E07000012,South Cambridgeshire,11,1,2025,MHCLG Rough Sleeping Snapshot autumn 2025 published 26 Feb 2026
E07000039,South Derbyshire,2,0,2025,MHCLG Rough Sleeping Snapshot autumn 2025 published 26 Feb 2026
E06000025,South Gloucestershire,4,5,2025,MHCLG Rough Sleeping Snapshot autumn 2025 published 26 Feb 2026
E07000044,South Hams,8,7,2025,MHCLG Rough Sleeping Snapshot autumn 2025 published 26 Feb 2026
E07000140,South Holland,10,24,2025,MHCLG Rough Sleeping Snapshot autumn 2025 published 26 Feb 2026
E07000141,South Kesteven,10,8,2025,MHCLG Rough Sleeping Snapshot autumn 2025 published 26 Feb 2026
E07000149,South Norfolk,2,1,2025,MHCLG Rough Sleeping Snapshot autumn 2025 published 26 Feb 2026
E07000179,South Oxfordshire,3,2,2025,MHCLG Rough Sleeping Snapshot autumn 2025 published 26 Feb 2026
E07000126,South Ribble,2,1,2025,MHCLG Rough Sleeping Snapshot autumn 2025 published 26 Feb 2026
E07000196,South Staffordshire,0,1,2025,MHCLG Rough Sleeping Snapshot autumn 2025 published 26 Feb 2026
E08000023,South Tyneside,14,7,2025,MHCLG Rough Sleeping Snapshot autumn 2025 published 26 Feb 2026
E06000045,Southampton,24,22,2025,MHCLG Rough Sleeping Snapshot autumn 2025 published 26 Feb 2026
E06000033,Southend-on-Sea,15,24,2025,MHCLG Rough Sleeping Snapshot autumn 2025 published 26 Feb 2026
E09000028,Southwark,40,36,2025,MHCLG Rough Sleeping Snapshot autumn 2025 published 26 Feb 2026
E07000213,Spelthorne,3,3,2025,MHCLG Rough Sleeping Snapshot autumn 2025 published 26 Feb 2026
E07000240,St Albans,10,12,2025,MHCLG Rough Sleeping Snapshot autumn 2025 published 26 Feb 2026
E08000013,St. Helens,20,16,2025,MHCLG Rough Sleeping Snapshot autumn 2025 published 26 Feb 2026
E07000197,Stafford,5,13,2025,MHCLG Rough Sleeping Snapshot autumn 2025 published 26 Feb 2026
E07000198,Staffordshire Moorlands,2,0,2025,MHCLG Rough Sleeping Snapshot autumn 2025 published 26 Feb 2026
E07000243,Stevenage,16,10,2025,MHCLG Rough Sleeping Snapshot autumn 2025 published 26 Feb 2026
E08000007,Stockport,48,31,2025,MHCLG Rough Sleeping Snapshot autumn 2025 published 26 Feb 2026
E06000004,Stockton-on-Tees,9,4,2025,MHCLG Rough Sleeping Snapshot autumn 2025 published 26 Feb 2026
E06000021,Stoke-on-Trent,30,35,2025,MHCLG Rough Sleeping Snapshot autumn 2025 published 26 Feb 2026
E07000221,Stratford-on-Avon,14,10,2025,MHCLG Rough Sleeping Snapshot autumn 2025 published 26 Feb 2026
E07000082,Stroud,4,2,2025,MHCLG Rough Sleeping Snapshot autumn 2025 published 26 Feb 2026
E08000024,Sunderland,10,7,2025,MHCLG Rough Sleeping Snapshot autumn 2025 published 26 Feb 2026
E07000214,Surrey Heath,10,7,2025,MHCLG Rough Sleeping Snapshot autumn 2025 published 26 Feb 2026
E09000029,Sutton,7,14,2025,MHCLG Rough Sleeping Snapshot autumn 2025 published 26 Feb 2026
E07000113,Swale,15,9,2025,MHCLG Rough Sleeping Snapshot autumn 2025 published 26 Feb 2026
E06000030,Swindon,12,17,2025,MHCLG Rough Sleeping Snapshot autumn 2025 published 26 Feb 2026
E08000008,Tameside,16,11,2025,MHCLG Rough Sleeping Snapshot autumn 2025 published 26 Feb 2026
E07000199,Tamworth,3,1,2025,MHCLG Rough Sleeping Snapshot autumn 2025 published 26 Feb 2026
E07000215,Tandridge,6,7,2025,MHCLG Rough Sleeping Snapshot autumn 2025 published 26 Feb 2026
E07000045,Teignbridge,4,7,2025,MHCLG Rough Sleeping Snapshot autumn 2025 published 26 Feb 2026
E06000020,Telford and Wrekin,10,7,2025,MHCLG Rough Sleeping Snapshot autumn 2025 published 26 Feb 2026
E07000076,Tendring,12,11,2025,MHCLG Rough Sleeping Snapshot autumn 2025 published 26 Feb 2026
E07000093,Test Valley,5,1,2025,MHCLG Rough Sleeping Snapshot autumn 2025 published 26 Feb 2026
E07000083,Tewkesbury,3,2,2025,MHCLG Rough Sleeping Snapshot autumn 2025 published 26 Feb 2026
E07000114,Thanet,37,25,2025,MHCLG Rough Sleeping Snapshot autumn 2025 published 26 Feb 2026
E07000102,Three Rivers,3,2,2025,MHCLG Rough Sleeping Snapshot autumn 2025 published 26 Feb 2026
E06000034,Thurrock,10,5,2025,MHCLG Rough Sleeping Snapshot autumn 2025 published 26 Feb 2026
E07000115,Tonbridge and Malling,6,3,2025,MHCLG Rough Sleeping Snapshot autumn 2025 published 26 Feb 2026
E06000027,Torbay,26,29,2025,MHCLG Rough Sleeping Snapshot autumn 2025 published 26 Feb 2026
E07000046,Torridge,12,11,2025,MHCLG Rough Sleeping Snapshot autumn 2025 published 26 Feb 2026
E09000030,Tower Hamlets,48,39,2025,MHCLG Rough Sleeping Snapshot autumn 2025 published 26 Feb 2026
E08000009,Trafford,8,7,2025,MHCLG Rough Sleeping Snapshot autumn 2025 published 26 Feb 2026
E07000116,Tunbridge Wells,1,5,2025,MHCLG Rough Sleeping Snapshot autumn 2025 published 26 Feb 2026
E07000077,Uttlesford,0,0,2025,MHCLG Rough Sleeping Snapshot autumn 2025 published 26 Feb 2026
E07000180,Vale of White Horse,4,2,2025,MHCLG Rough Sleeping Snapshot autumn 2025 published 26 Feb 2026
E08000036,Wakefield,17,19,2025,MHCLG Rough Sleeping Snapshot autumn 2025 published 26 Feb 2026
E08000030,Walsall,10,13,2025,MHCLG Rough Sleeping Snapshot autumn 2025 published 26 Feb 2026
E09000031,Waltham Forest,46,60,2025,MHCLG Rough Sleeping Snapshot autumn 2025 published 26 Feb 2026
E09000032,Wandsworth,14,16,2025,MHCLG Rough Sleeping Snapshot autumn 2025 published 26 Feb 2026
E06000007,Warrington,9,3,2025,MHCLG Rough Sleeping Snapshot autumn 2025 published 26 Feb 2026
E07000222,Warwick,11,13,2025,MHCLG Rough Sleeping Snapshot autumn 2025 published 26 Feb 2026
E07000103,Watford,12,10,2025,MHCLG Rough Sleeping Snapshot autumn 2025 published 26 Feb 2026
E07000216,Waverley,4,6,2025,MHCLG Rough Sleeping Snapshot autumn 2025 published 26 Feb 2026
E07000065,Wealden,10,6,2025,MHCLG Rough Sleeping Snapshot autumn 2025 published 26 Feb 2026
E07000241,Welwyn Hatfield,9,6,2025,MHCLG Rough Sleeping Snapshot autumn 2025 published 26 Feb 2026
E06000037,West Berkshire,10,13,2025,MHCLG Rough Sleeping Snapshot autumn 2025 published 26 Feb 2026
E07000047,West Devon,3,4,2025,MHCLG Rough Sleeping Snapshot autumn 2025 published 26 Feb 2026
E07000127,West Lancashire,9,4,2025,MHCLG Rough Sleeping Snapshot autumn 2025 published 26 Feb 2026
E07000142,West Lindsey,2,3,2025,MHCLG Rough Sleeping Snapshot autumn 2025 published 26 Feb 2026
E06000062,West Northamptonshire,53,47,2025,MHCLG Rough Sleeping Snapshot autumn 2025 published 26 Feb 2026
E07000181,West Oxfordshire,3,3,2025,MHCLG Rough Sleeping Snapshot autumn 2025 published 26 Feb 2026
E07000245,West Suffolk,7,10,2025,MHCLG Rough Sleeping Snapshot autumn 2025 published 26 Feb 2026
E09000033,Westminster,360,388,2025,MHCLG Rough Sleeping Snapshot autumn 2025 published 26 Feb 2026
E06000064,Westmorland and Furness,14,12,2025,MHCLG Rough Sleeping Snapshot autumn 2025 published 26 Feb 2026
E08000010,Wigan,11,10,2025,MHCLG Rough Sleeping Snapshot autumn 2025 published 26 Feb 2026
E06000054,Wiltshire,30,18,2025,MHCLG Rough Sleeping Snapshot autumn 2025 published 26 Feb 2026
E07000094,Winchester,6,5,2025,MHCLG Rough Sleeping Snapshot autumn 2025 published 26 Feb 2026
E06000040,Windsor and Maidenhead,30,28,2025,MHCLG Rough Sleeping Snapshot autumn 2025 published 26 Feb 2026
E08000015,Wirral,7,7,2025,MHCLG Rough Sleeping Snapshot autumn 2025 published 26 Feb 2026
E07000217,Woking,6,8,2025,MHCLG Rough Sleeping Snapshot autumn 2025 published 26 Feb 2026
E06000041,Wokingham,7,3,2025,MHCLG Rough Sleeping Snapshot autumn 2025 published 26 Feb 2026
E08000031,Wolverhampton,13,8,2025,MHCLG Rough Sleeping Snapshot autumn 2025 published 26 Feb 2026
E07000237,Worcester,31,24,2025,MHCLG Rough Sleeping Snapshot autumn 2025 published 26 Feb 2026
E07000229,Worthing,7,17,2025,MHCLG Rough Sleeping Snapshot autumn 2025 published 26 Feb 2026
E07000238,Wychavon,9,13,2025,MHCLG Rough Sleeping Snapshot autumn 2025 published 26 Feb 2026
E07000128,Wyre,5,3,2025,MHCLG Rough Sleeping Snapshot autumn 2025 published 26 Feb 2026
E07000239,Wyre Forest,8,13,2025,MHCLG Rough Sleeping Snapshot autumn 2025 published 26 Feb 2026
E06000014,York,25,30,2025,MHCLG Rough Sleeping Snapshot autumn 2025 published 26 Feb 2026
