lad24cd,la_name,period,total_assessments,owed_duty,prevention_duty,relief_duty,households_in_ta,support_needs_total,mental_health,learning_disability,drug_dependency,alcohol_dependency,rough_sleeping_history,source
E07000223,Adur,2025Q2,63,57,26,31,158,39,20,6,5,1,0,MHCLG Statutory Homelessness Jul-Sep 2025 published 26 Feb 2026
E07000032,Amber Valley,2025Q2,68,68,43,25,13,58,37,9,9,6,6,MHCLG Statutory Homelessness Jul-Sep 2025 published 26 Feb 2026
E07000224,Arun,2025Q2,298,253,63,190,224,143,62,11,13,20,7,MHCLG Statutory Homelessness Jul-Sep 2025 published 26 Feb 2026
E07000170,Ashfield,2025Q2,122,120,58,62,49,89,38,5,8,3,2,MHCLG Statutory Homelessness Jul-Sep 2025 published 26 Feb 2026
E07000105,Ashford,2025Q2,296,197,89,108,274,103,45,19,9,9,3,MHCLG Statutory Homelessness Jul-Sep 2025 published 26 Feb 2026
E07000200,Babergh,2025Q2,96,96,65,31,93,75,38,7,2,5,5,MHCLG Statutory Homelessness Jul-Sep 2025 published 26 Feb 2026
E09000002,Barking & Dagenham,2025Q2,347,340,175,165,1019,104,38,1,3,2,1,MHCLG Statutory Homelessness Jul-Sep 2025 published 26 Feb 2026
E09000003,Barnet,2025Q2,880,845,365,480,2948,191,56,9,6,4,2,MHCLG Statutory Homelessness Jul-Sep 2025 published 26 Feb 2026
E08000038,Barnsley,2025Q2,181,168,64,104,50,87,43,4,16,7,2,MHCLG Statutory Homelessness Jul-Sep 2025 published 26 Feb 2026
E07000066,Basildon,2025Q2,215,185,26,159,760,100,51,11,4,4,1,MHCLG Statutory Homelessness Jul-Sep 2025 published 26 Feb 2026
E07000084,Basingstoke & Deane,2025Q2,114,112,56,56,39,55,27,4,8,8,3,MHCLG Statutory Homelessness Jul-Sep 2025 published 26 Feb 2026
E07000171,Bassetlaw,2025Q2,91,91,65,26,66,66,38,5,5,4,0,MHCLG Statutory Homelessness Jul-Sep 2025 published 26 Feb 2026
E06000022,Bath & North East Somerset,2025Q2,167,166,111,55,96,101,40,4,1,11,2,MHCLG Statutory Homelessness Jul-Sep 2025 published 26 Feb 2026
E06000055,Bedford,2025Q2,382,371,122,249,868,294,107,18,24,15,29,MHCLG Statutory Homelessness Jul-Sep 2025 published 26 Feb 2026
E09000004,Bexley,2025Q2,272,270,189,81,309,241,77,14,6,5,11,MHCLG Statutory Homelessness Jul-Sep 2025 published 26 Feb 2026
E08000025,Birmingham,2025Q2,1354,1315,577,738,5196,266,116,39,17,7,13,MHCLG Statutory Homelessness Jul-Sep 2025 published 26 Feb 2026
E07000129,Blaby,2025Q2,105,98,26,72,87,37,19,3,2,3,2,MHCLG Statutory Homelessness Jul-Sep 2025 published 26 Feb 2026
E06000008,Blackburn with Darwen,2025Q2,357,353,146,207,49,263,172,38,76,47,92,MHCLG Statutory Homelessness Jul-Sep 2025 published 26 Feb 2026
E06000009,Blackpool,2025Q2,518,511,223,288,139,305,185,35,63,43,48,MHCLG Statutory Homelessness Jul-Sep 2025 published 26 Feb 2026
E07000033,Bolsover,2025Q2,120,119,64,55,18,104,57,14,13,13,4,MHCLG Statutory Homelessness Jul-Sep 2025 published 26 Feb 2026
E08000001,Bolton,2025Q2,870,797,296,501,217,429,250,40,54,46,53,MHCLG Statutory Homelessness Jul-Sep 2025 published 26 Feb 2026
E07000136,Boston,2025Q2,90,82,52,30,12,55,19,5,5,3,7,MHCLG Statutory Homelessness Jul-Sep 2025 published 26 Feb 2026
E06000058,"Bournemouth, Christchurch and Poole",2025Q2,,,,,,,,,,,,MHCLG Statutory Homelessness Jul-Sep 2025 published 26 Feb 2026
E06000036,Bracknell Forest,2025Q2,266,130,91,39,161,111,52,12,11,5,6,MHCLG Statutory Homelessness Jul-Sep 2025 published 26 Feb 2026
E08000032,Bradford,2025Q2,754,662,291,371,442,373,133,33,35,31,16,MHCLG Statutory Homelessness Jul-Sep 2025 published 26 Feb 2026
E07000067,Braintree,2025Q2,83,74,38,36,47,67,34,5,8,2,5,MHCLG Statutory Homelessness Jul-Sep 2025 published 26 Feb 2026
E07000143,Breckland,2025Q2,176,153,59,94,78,131,83,34,16,8,22,MHCLG Statutory Homelessness Jul-Sep 2025 published 26 Feb 2026
E09000005,Brent,2025Q2,771,630,132,498,2323,340,113,43,12,13,42,MHCLG Statutory Homelessness Jul-Sep 2025 published 26 Feb 2026
E07000068,Brentwood,2025Q2,55,54,20,34,40,31,14,5,2,2,6,MHCLG Statutory Homelessness Jul-Sep 2025 published 26 Feb 2026
E06000043,Brighton & Hove,2025Q2,471,466,164,302,1863,396,211,45,40,26,18,MHCLG Statutory Homelessness Jul-Sep 2025 published 26 Feb 2026
E06000023,Bristol,2025Q2,769,708,222,486,1721,480,245,35,60,36,49,MHCLG Statutory Homelessness Jul-Sep 2025 published 26 Feb 2026
E07000144,Broadland,2025Q2,131,125,41,84,76,82,27,3,4,2,1,MHCLG Statutory Homelessness Jul-Sep 2025 published 26 Feb 2026
E09000006,Bromley,2025Q2,477,404,137,267,1809,306,178,26,16,22,11,MHCLG Statutory Homelessness Jul-Sep 2025 published 26 Feb 2026
E07000234,Bromsgrove,2025Q2,81,81,42,39,41,42,13,1,2,0,1,MHCLG Statutory Homelessness Jul-Sep 2025 published 26 Feb 2026
E07000095,Broxbourne,2025Q2,80,73,35,38,154,66,40,17,4,3,13,MHCLG Statutory Homelessness Jul-Sep 2025 published 26 Feb 2026
E07000172,Broxtowe,2025Q2,71,56,29,27,10,28,18,1,5,3,0,MHCLG Statutory Homelessness Jul-Sep 2025 published 26 Feb 2026
E06000060,Buckinghamshire,2025Q2,1022,645,436,209,421,310,176,83,40,24,37,MHCLG Statutory Homelessness Jul-Sep 2025 published 26 Feb 2026
E07000117,Burnley,2025Q2,162,162,73,89,29,80,26,8,8,8,11,MHCLG Statutory Homelessness Jul-Sep 2025 published 26 Feb 2026
E08000002,Bury,2025Q2,,,,,112,,,,,,,MHCLG Statutory Homelessness Jul-Sep 2025 published 26 Feb 2026
E08000033,Calderdale,2025Q2,335,327,264,63,71,248,114,27,33,38,28,MHCLG Statutory Homelessness Jul-Sep 2025 published 26 Feb 2026
E07000008,Cambridge,2025Q2,234,183,56,127,143,112,61,16,24,20,25,MHCLG Statutory Homelessness Jul-Sep 2025 published 26 Feb 2026
E09000007,Camden,2025Q2,501,449,126,323,1221,347,217,55,42,28,48,MHCLG Statutory Homelessness Jul-Sep 2025 published 26 Feb 2026
E07000192,Cannock Chase,2025Q2,160,156,72,84,49,66,38,12,6,4,5,MHCLG Statutory Homelessness Jul-Sep 2025 published 26 Feb 2026
E07000106,Canterbury,2025Q2,363,215,54,161,160,108,52,16,7,12,15,MHCLG Statutory Homelessness Jul-Sep 2025 published 26 Feb 2026
E07000069,Castle Point,2025Q2,61,61,27,34,170,40,18,1,2,2,2,MHCLG Statutory Homelessness Jul-Sep 2025 published 26 Feb 2026
E06000056,Central Bedfordshire,2025Q2,328,312,117,195,258,279,148,53,16,14,35,MHCLG Statutory Homelessness Jul-Sep 2025 published 26 Feb 2026
E07000130,Charnwood,2025Q2,219,208,72,136,108,113,47,12,15,12,11,MHCLG Statutory Homelessness Jul-Sep 2025 published 26 Feb 2026
E07000070,Chelmsford,2025Q2,228,215,123,92,548,127,71,21,10,10,12,MHCLG Statutory Homelessness Jul-Sep 2025 published 26 Feb 2026
E07000078,Cheltenham,2025Q2,160,160,67,93,19,105,42,9,12,10,9,MHCLG Statutory Homelessness Jul-Sep 2025 published 26 Feb 2026
E07000177,Cherwell,2025Q2,149,144,74,70,82,96,43,8,10,12,8,MHCLG Statutory Homelessness Jul-Sep 2025 published 26 Feb 2026
E06000049,Cheshire East,2025Q2,367,364,203,161,52,246,125,30,22,35,33,MHCLG Statutory Homelessness Jul-Sep 2025 published 26 Feb 2026
E06000050,Cheshire West & Chester,2025Q2,528,472,254,218,70,398,180,48,42,29,37,MHCLG Statutory Homelessness Jul-Sep 2025 published 26 Feb 2026
E07000034,Chesterfield,2025Q2,175,154,62,92,21,79,45,4,5,5,8,MHCLG Statutory Homelessness Jul-Sep 2025 published 26 Feb 2026
E07000225,Chichester,2025Q2,251,157,97,60,132,72,37,18,5,7,6,MHCLG Statutory Homelessness Jul-Sep 2025 published 26 Feb 2026
E07000118,Chorley,2025Q2,135,135,60,75,26,100,46,3,13,11,5,MHCLG Statutory Homelessness Jul-Sep 2025 published 26 Feb 2026
E09000001,City of London,2025Q2,13,10,2,8,29,5,4,0,1,0,1,MHCLG Statutory Homelessness Jul-Sep 2025 published 26 Feb 2026
E07000071,Colchester,2025Q2,227,210,99,111,441,147,76,22,14,11,16,MHCLG Statutory Homelessness Jul-Sep 2025 published 26 Feb 2026
E06000052,Cornwall,2025Q2,571,570,230,340,818,362,166,42,40,41,33,MHCLG Statutory Homelessness Jul-Sep 2025 published 26 Feb 2026
E07000079,Cotswold,2025Q2,63,61,38,23,33,29,17,8,3,4,4,MHCLG Statutory Homelessness Jul-Sep 2025 published 26 Feb 2026
E08000026,Coventry,2025Q2,736,707,215,492,1229,579,362,127,96,73,139,MHCLG Statutory Homelessness Jul-Sep 2025 published 26 Feb 2026
E07000226,Crawley,2025Q2,188,161,86,75,627,95,22,5,3,4,4,MHCLG Statutory Homelessness Jul-Sep 2025 published 26 Feb 2026
E09000008,Croydon,2025Q2,894,893,547,346,3388,362,225,89,27,20,70,MHCLG Statutory Homelessness Jul-Sep 2025 published 26 Feb 2026
E06000063,Cumberland Council,2025Q2,378,374,205,169,72,332,201,56,46,27,78,MHCLG Statutory Homelessness Jul-Sep 2025 published 26 Feb 2026
E07000096,Dacorum,2025Q2,265,253,116,137,269,172,51,5,9,7,4,MHCLG Statutory Homelessness Jul-Sep 2025 published 26 Feb 2026
E06000005,Darlington,2025Q2,401,340,197,143,93,267,163,18,86,41,42,MHCLG Statutory Homelessness Jul-Sep 2025 published 26 Feb 2026
E07000107,Dartford,2025Q2,182,148,70,78,,70,37,12,9,4,5,MHCLG Statutory Homelessness Jul-Sep 2025 published 26 Feb 2026
E06000015,Derby,2025Q2,554,535,230,305,465,472,312,108,78,53,44,MHCLG Statutory Homelessness Jul-Sep 2025 published 26 Feb 2026
E07000035,Derbyshire Dales,2025Q2,64,64,29,35,12,41,15,0,1,3,1,MHCLG Statutory Homelessness Jul-Sep 2025 published 26 Feb 2026
E08000017,Doncaster,2025Q2,541,538,386,152,135,340,147,32,42,18,11,MHCLG Statutory Homelessness Jul-Sep 2025 published 26 Feb 2026
E06000059,Dorset,2025Q2,535,421,301,120,191,319,164,45,33,33,17,MHCLG Statutory Homelessness Jul-Sep 2025 published 26 Feb 2026
E07000108,Dover,2025Q2,199,151,62,89,315,61,32,7,2,2,1,MHCLG Statutory Homelessness Jul-Sep 2025 published 26 Feb 2026
E08000027,Dudley,2025Q2,1036,530,114,416,23,82,20,5,7,8,2,MHCLG Statutory Homelessness Jul-Sep 2025 published 26 Feb 2026
E06000047,Durham,2025Q2,872,818,293,525,116,673,425,83,123,95,126,MHCLG Statutory Homelessness Jul-Sep 2025 published 26 Feb 2026
E09000009,Ealing,2025Q2,779,749,401,348,,137,44,8,2,1,5,MHCLG Statutory Homelessness Jul-Sep 2025 published 26 Feb 2026
E07000009,East Cambridgeshire,2025Q2,101,98,48,50,25,68,39,17,12,13,14,MHCLG Statutory Homelessness Jul-Sep 2025 published 26 Feb 2026
E07000040,East Devon,2025Q2,155,146,111,35,46,96,57,13,7,9,3,MHCLG Statutory Homelessness Jul-Sep 2025 published 26 Feb 2026
E07000085,East Hampshire,2025Q2,93,91,67,24,49,38,17,2,2,2,0,MHCLG Statutory Homelessness Jul-Sep 2025 published 26 Feb 2026
E07000242,East Hertfordshire,2025Q2,214,159,71,88,62,113,66,23,11,7,10,MHCLG Statutory Homelessness Jul-Sep 2025 published 26 Feb 2026
E07000137,East Lindsey,2025Q2,195,189,115,74,49,107,58,6,12,11,7,MHCLG Statutory Homelessness Jul-Sep 2025 published 26 Feb 2026
E06000011,East Riding of Yorkshire,2025Q2,373,371,261,110,258,282,177,45,18,22,20,MHCLG Statutory Homelessness Jul-Sep 2025 published 26 Feb 2026
E07000193,East Staffordshire,2025Q2,106,102,11,91,51,0,,,,,,MHCLG Statutory Homelessness Jul-Sep 2025 published 26 Feb 2026
E07000244,East Suffolk,2025Q2,311,309,181,128,159,217,103,17,21,20,7,MHCLG Statutory Homelessness Jul-Sep 2025 published 26 Feb 2026
E07000061,Eastbourne,2025Q2,236,215,81,134,322,180,75,23,16,24,13,MHCLG Statutory Homelessness Jul-Sep 2025 published 26 Feb 2026
E07000086,Eastleigh,2025Q2,87,87,46,41,97,65,24,2,9,4,3,MHCLG Statutory Homelessness Jul-Sep 2025 published 26 Feb 2026
E07000207,Elmbridge,2025Q2,87,85,44,41,151,41,18,6,9,12,7,MHCLG Statutory Homelessness Jul-Sep 2025 published 26 Feb 2026
E09000010,Enfield,2025Q2,668,642,170,472,3094,332,71,25,6,7,34,MHCLG Statutory Homelessness Jul-Sep 2025 published 26 Feb 2026
E07000072,Epping Forest,2025Q2,159,159,27,132,127,79,46,18,3,1,8,MHCLG Statutory Homelessness Jul-Sep 2025 published 26 Feb 2026
E07000208,Epsom & Ewell,2025Q2,70,63,38,25,285,45,16,3,2,1,3,MHCLG Statutory Homelessness Jul-Sep 2025 published 26 Feb 2026
E07000036,Erewash,2025Q2,87,84,32,52,17,44,30,6,10,8,7,MHCLG Statutory Homelessness Jul-Sep 2025 published 26 Feb 2026
E07000041,Exeter,2025Q2,251,229,68,161,105,217,157,76,59,44,93,MHCLG Statutory Homelessness Jul-Sep 2025 published 26 Feb 2026
E07000087,Fareham,2025Q2,90,88,20,68,105,45,21,4,4,2,8,MHCLG Statutory Homelessness Jul-Sep 2025 published 26 Feb 2026
E07000010,Fenland,2025Q2,154,118,41,77,69,115,69,33,12,13,37,MHCLG Statutory Homelessness Jul-Sep 2025 published 26 Feb 2026
E07000112,Folkestone & Hythe,2025Q2,137,116,42,74,118,62,34,13,4,8,10,MHCLG Statutory Homelessness Jul-Sep 2025 published 26 Feb 2026
E07000080,Forest of Dean,2025Q2,112,97,65,32,44,63,37,10,7,7,8,MHCLG Statutory Homelessness Jul-Sep 2025 published 26 Feb 2026
E07000119,Fylde,2025Q2,78,78,31,47,66,68,49,13,6,7,7,MHCLG Statutory Homelessness Jul-Sep 2025 published 26 Feb 2026
E08000037,Gateshead,2025Q2,374,347,234,113,106,234,144,21,57,39,32,MHCLG Statutory Homelessness Jul-Sep 2025 published 26 Feb 2026
E07000173,Gedling,2025Q2,55,54,33,21,32,25,12,3,2,0,0,MHCLG Statutory Homelessness Jul-Sep 2025 published 26 Feb 2026
E07000081,Gloucester,2025Q2,293,290,146,144,242,236,132,45,29,22,52,MHCLG Statutory Homelessness Jul-Sep 2025 published 26 Feb 2026
E07000088,Gosport,2025Q2,136,136,79,57,101,80,39,9,17,13,9,MHCLG Statutory Homelessness Jul-Sep 2025 published 26 Feb 2026
E07000109,Gravesham,2025Q2,276,148,82,66,252,44,26,11,0,0,3,MHCLG Statutory Homelessness Jul-Sep 2025 published 26 Feb 2026
E07000145,Great Yarmouth,2025Q2,216,194,117,77,55,156,91,30,21,11,19,MHCLG Statutory Homelessness Jul-Sep 2025 published 26 Feb 2026
E09000011,Greenwich,2025Q2,613,601,247,354,1916,334,106,11,20,15,26,MHCLG Statutory Homelessness Jul-Sep 2025 published 26 Feb 2026
E07000209,Guildford,2025Q2,104,101,56,45,97,69,27,7,5,4,2,MHCLG Statutory Homelessness Jul-Sep 2025 published 26 Feb 2026
E09000012,Hackney,2025Q2,666,652,282,370,3631,481,142,18,24,22,43,MHCLG Statutory Homelessness Jul-Sep 2025 published 26 Feb 2026
E06000006,Halton,2025Q2,331,322,151,171,103,209,53,8,14,8,11,MHCLG Statutory Homelessness Jul-Sep 2025 published 26 Feb 2026
E09000013,Hammersmith & Fulham,2025Q2,406,402,112,290,1451,158,57,2,14,7,14,MHCLG Statutory Homelessness Jul-Sep 2025 published 26 Feb 2026
E07000131,Harborough,2025Q2,89,87,24,63,30,46,17,3,1,1,2,MHCLG Statutory Homelessness Jul-Sep 2025 published 26 Feb 2026
E09000014,Haringey,2025Q2,695,507,233,274,2641,151,45,4,0,2,1,MHCLG Statutory Homelessness Jul-Sep 2025 published 26 Feb 2026
E07000073,Harlow,2025Q2,86,83,50,33,379,45,17,2,1,0,1,MHCLG Statutory Homelessness Jul-Sep 2025 published 26 Feb 2026
E09000015,Harrow,2025Q2,308,240,95,145,1446,190,86,40,4,4,14,MHCLG Statutory Homelessness Jul-Sep 2025 published 26 Feb 2026
E07000089,Hart,2025Q2,39,37,19,18,13,23,9,2,0,5,1,MHCLG Statutory Homelessness Jul-Sep 2025 published 26 Feb 2026
E06000001,Hartlepool,2025Q2,138,105,46,59,17,61,36,4,10,5,6,MHCLG Statutory Homelessness Jul-Sep 2025 published 26 Feb 2026
E07000062,Hastings,2025Q2,273,263,147,116,635,191,112,44,12,9,21,MHCLG Statutory Homelessness Jul-Sep 2025 published 26 Feb 2026
E07000090,Havant,2025Q2,171,171,92,79,170,89,24,9,7,5,1,MHCLG Statutory Homelessness Jul-Sep 2025 published 26 Feb 2026
E09000016,Havering,2025Q2,681,583,287,296,1384,189,51,10,9,9,8,MHCLG Statutory Homelessness Jul-Sep 2025 published 26 Feb 2026
E06000019,Herefordshire,2025Q2,136,135,38,97,182,92,45,9,3,5,0,MHCLG Statutory Homelessness Jul-Sep 2025 published 26 Feb 2026
E07000098,Hertsmere,2025Q2,129,126,77,49,108,58,34,23,2,3,3,MHCLG Statutory Homelessness Jul-Sep 2025 published 26 Feb 2026
E07000037,High Peak,2025Q2,46,44,14,30,9,26,21,6,4,3,3,MHCLG Statutory Homelessness Jul-Sep 2025 published 26 Feb 2026
E09000017,Hillingdon,2025Q2,527,515,156,359,,363,126,48,12,11,28,MHCLG Statutory Homelessness Jul-Sep 2025 published 26 Feb 2026
E07000132,Hinckley & Bosworth,2025Q2,164,159,29,130,,75,30,3,3,5,1,MHCLG Statutory Homelessness Jul-Sep 2025 published 26 Feb 2026
E07000227,Horsham,2025Q2,118,118,48,70,157,67,23,2,8,4,6,MHCLG Statutory Homelessness Jul-Sep 2025 published 26 Feb 2026
E09000018,Hounslow,2025Q2,621,579,188,391,441,274,74,14,8,11,16,MHCLG Statutory Homelessness Jul-Sep 2025 published 26 Feb 2026
E07000011,Huntingdonshire,2025Q2,216,215,126,89,125,145,82,27,4,9,14,MHCLG Statutory Homelessness Jul-Sep 2025 published 26 Feb 2026
E07000120,Hyndburn,2025Q2,110,109,31,78,14,76,46,9,8,9,12,MHCLG Statutory Homelessness Jul-Sep 2025 published 26 Feb 2026
E07000202,Ipswich,2025Q2,549,433,284,149,79,238,90,13,30,22,7,MHCLG Statutory Homelessness Jul-Sep 2025 published 26 Feb 2026
E06000046,Isle of Wight,2025Q2,281,194,92,102,247,150,87,1,13,18,0,MHCLG Statutory Homelessness Jul-Sep 2025 published 26 Feb 2026
E06000053,Isles of Scilly,2025Q2,0,0,0,0,0,0,,,,,,MHCLG Statutory Homelessness Jul-Sep 2025 published 26 Feb 2026
E09000019,Islington,2025Q2,742,727,267,460,1877,443,105,12,32,15,20,MHCLG Statutory Homelessness Jul-Sep 2025 published 26 Feb 2026
E09000020,Kensington & Chelsea,2025Q2,319,279,91,188,1912,92,57,10,12,9,15,MHCLG Statutory Homelessness Jul-Sep 2025 published 26 Feb 2026
E07000146,King's Lynn & West Norfolk,2025Q2,135,104,37,67,53,87,58,8,6,7,0,MHCLG Statutory Homelessness Jul-Sep 2025 published 26 Feb 2026
E06000010,Kingston upon Hull,2025Q2,1082,1017,495,522,256,631,429,62,118,82,101,MHCLG Statutory Homelessness Jul-Sep 2025 published 26 Feb 2026
E09000021,Kingston upon Thames,2025Q2,107,88,51,37,882,38,19,4,6,4,2,MHCLG Statutory Homelessness Jul-Sep 2025 published 26 Feb 2026
E08000034,Kirklees,2025Q2,414,405,244,161,350,340,102,11,27,22,13,MHCLG Statutory Homelessness Jul-Sep 2025 published 26 Feb 2026
E08000011,Knowsley,2025Q2,257,257,77,180,115,139,59,2,15,13,1,MHCLG Statutory Homelessness Jul-Sep 2025 published 26 Feb 2026
E09000022,Lambeth,2025Q2,692,669,249,420,4512,290,118,17,12,19,8,MHCLG Statutory Homelessness Jul-Sep 2025 published 26 Feb 2026
E07000121,Lancaster,2025Q2,129,117,84,33,15,104,66,27,14,7,17,MHCLG Statutory Homelessness Jul-Sep 2025 published 26 Feb 2026
E08000035,Leeds,2025Q2,1616,1534,867,667,674,576,306,36,63,42,38,MHCLG Statutory Homelessness Jul-Sep 2025 published 26 Feb 2026
E06000016,Leicester,2025Q2,900,875,381,494,1008,537,298,52,32,36,41,MHCLG Statutory Homelessness Jul-Sep 2025 published 26 Feb 2026
E07000063,Lewes,2025Q2,84,81,35,46,94,64,26,7,4,3,4,MHCLG Statutory Homelessness Jul-Sep 2025 published 26 Feb 2026
E09000023,Lewisham,2025Q2,,,,,,,,,,,,MHCLG Statutory Homelessness Jul-Sep 2025 published 26 Feb 2026
E07000194,Lichfield,2025Q2,130,127,65,62,48,53,21,5,2,4,2,MHCLG Statutory Homelessness Jul-Sep 2025 published 26 Feb 2026
E07000138,Lincoln,2025Q2,283,273,65,208,68,183,69,19,43,19,22,MHCLG Statutory Homelessness Jul-Sep 2025 published 26 Feb 2026
E08000012,Liverpool,2025Q2,806,774,124,650,1575,351,147,20,6,6,6,MHCLG Statutory Homelessness Jul-Sep 2025 published 26 Feb 2026
E06000032,Luton,2025Q2,534,523,406,117,990,260,120,43,25,12,28,MHCLG Statutory Homelessness Jul-Sep 2025 published 26 Feb 2026
E07000110,Maidstone,2025Q2,296,207,93,114,268,99,33,14,3,6,5,MHCLG Statutory Homelessness Jul-Sep 2025 published 26 Feb 2026
E07000074,Maldon,2025Q2,54,42,16,26,40,36,24,3,1,1,1,MHCLG Statutory Homelessness Jul-Sep 2025 published 26 Feb 2026
E07000235,Malvern Hills,2025Q2,66,65,13,52,24,33,15,2,1,3,0,MHCLG Statutory Homelessness Jul-Sep 2025 published 26 Feb 2026
E08000003,Manchester,2025Q2,897,886,183,703,2824,443,174,55,30,26,72,MHCLG Statutory Homelessness Jul-Sep 2025 published 26 Feb 2026
E07000174,Mansfield,2025Q2,159,158,80,78,32,71,29,4,11,4,8,MHCLG Statutory Homelessness Jul-Sep 2025 published 26 Feb 2026
E06000035,Medway Towns,2025Q2,556,527,279,248,602,266,133,34,13,16,16,MHCLG Statutory Homelessness Jul-Sep 2025 published 26 Feb 2026
E07000133,Melton,2025Q2,70,70,27,43,27,24,13,2,0,2,1,MHCLG Statutory Homelessness Jul-Sep 2025 published 26 Feb 2026
E09000024,Merton,2025Q2,236,224,183,41,747,80,38,9,1,3,2,MHCLG Statutory Homelessness Jul-Sep 2025 published 26 Feb 2026
E07000042,Mid Devon,2025Q2,110,95,46,49,64,70,39,12,5,3,7,MHCLG Statutory Homelessness Jul-Sep 2025 published 26 Feb 2026
E07000203,Mid Suffolk,2025Q2,117,117,82,35,58,79,39,11,7,5,6,MHCLG Statutory Homelessness Jul-Sep 2025 published 26 Feb 2026
E07000228,Mid Sussex,2025Q2,178,173,68,105,119,149,53,7,11,5,11,MHCLG Statutory Homelessness Jul-Sep 2025 published 26 Feb 2026
E06000002,Middlesbrough,2025Q2,488,478,155,323,88,395,297,57,124,54,59,MHCLG Statutory Homelessness Jul-Sep 2025 published 26 Feb 2026
E06000042,Milton Keynes,2025Q2,521,498,175,323,949,270,103,23,20,21,24,MHCLG Statutory Homelessness Jul-Sep 2025 published 26 Feb 2026
E07000210,Mole Valley,2025Q2,61,57,43,14,48,53,37,3,6,6,4,MHCLG Statutory Homelessness Jul-Sep 2025 published 26 Feb 2026
E07000091,New Forest,2025Q2,179,143,105,38,288,139,90,40,24,18,34,MHCLG Statutory Homelessness Jul-Sep 2025 published 26 Feb 2026
E07000175,Newark & Sherwood,2025Q2,125,104,49,55,24,50,16,0,5,3,2,MHCLG Statutory Homelessness Jul-Sep 2025 published 26 Feb 2026
E08000021,Newcastle on Tyne,2025Q2,612,600,203,397,195,553,329,50,79,63,103,MHCLG Statutory Homelessness Jul-Sep 2025 published 26 Feb 2026
E07000195,Newcastle under Lyme,2025Q2,152,151,41,110,29,83,43,18,5,5,12,MHCLG Statutory Homelessness Jul-Sep 2025 published 26 Feb 2026
E09000025,Newham,2025Q2,805,729,289,440,7343,195,55,15,8,5,6,MHCLG Statutory Homelessness Jul-Sep 2025 published 26 Feb 2026
E07000043,North Devon,2025Q2,288,220,138,82,78,182,115,43,18,26,31,MHCLG Statutory Homelessness Jul-Sep 2025 published 26 Feb 2026
E07000038,North East Derbyshire,2025Q2,54,53,37,16,5,30,15,6,3,1,2,MHCLG Statutory Homelessness Jul-Sep 2025 published 26 Feb 2026
E06000012,North East Lincolnshire,2025Q2,331,331,127,204,103,195,56,14,26,16,7,MHCLG Statutory Homelessness Jul-Sep 2025 published 26 Feb 2026
E07000099,North Hertfordshire,2025Q2,76,75,29,46,86,41,22,6,1,1,1,MHCLG Statutory Homelessness Jul-Sep 2025 published 26 Feb 2026
E07000139,North Kesteven,2025Q2,95,94,21,73,50,40,11,1,5,1,0,MHCLG Statutory Homelessness Jul-Sep 2025 published 26 Feb 2026
E06000013,North Lincolnshire,2025Q2,256,256,124,132,73,83,44,4,10,7,5,MHCLG Statutory Homelessness Jul-Sep 2025 published 26 Feb 2026
E07000147,North Norfolk,2025Q2,114,113,49,64,58,47,23,3,4,5,1,MHCLG Statutory Homelessness Jul-Sep 2025 published 26 Feb 2026
E06000061,North Northamptonshire,2025Q2,343,327,66,261,232,146,78,6,21,13,20,MHCLG Statutory Homelessness Jul-Sep 2025 published 26 Feb 2026
E06000024,North Somerset,2025Q2,208,208,138,70,63,131,49,6,9,10,5,MHCLG Statutory Homelessness Jul-Sep 2025 published 26 Feb 2026
E08000022,North Tyneside,2025Q2,309,300,156,144,77,193,108,24,34,36,52,MHCLG Statutory Homelessness Jul-Sep 2025 published 26 Feb 2026
E07000218,North Warwickshire,2025Q2,57,57,26,31,4,40,12,3,0,0,0,MHCLG Statutory Homelessness Jul-Sep 2025 published 26 Feb 2026
E07000134,North West Leicestershire,2025Q2,90,84,18,66,24,68,39,8,8,5,7,MHCLG Statutory Homelessness Jul-Sep 2025 published 26 Feb 2026
E06000065,North Yorkshire Council (UA),2025Q2,644,633,249,384,261,393,197,24,47,38,29,MHCLG Statutory Homelessness Jul-Sep 2025 published 26 Feb 2026
E06000057,Northumberland,2025Q2,337,337,123,214,41,240,140,34,38,17,4,MHCLG Statutory Homelessness Jul-Sep 2025 published 26 Feb 2026
E07000148,Norwich,2025Q2,637,342,167,175,72,238,110,31,47,59,42,MHCLG Statutory Homelessness Jul-Sep 2025 published 26 Feb 2026
E06000018,Nottingham,2025Q2,814,731,325,406,726,511,271,29,60,48,111,MHCLG Statutory Homelessness Jul-Sep 2025 published 26 Feb 2026
E07000219,Nuneaton & Bedworth,2025Q2,193,193,67,126,126,130,63,13,9,14,11,MHCLG Statutory Homelessness Jul-Sep 2025 published 26 Feb 2026
E07000135,Oadby & Wigston,2025Q2,88,88,28,60,123,69,46,4,6,3,1,MHCLG Statutory Homelessness Jul-Sep 2025 published 26 Feb 2026
E08000004,Oldham,2025Q2,307,305,40,265,521,74,26,15,3,5,7,MHCLG Statutory Homelessness Jul-Sep 2025 published 26 Feb 2026
E07000178,Oxford,2025Q2,240,226,93,133,300,139,70,6,10,10,10,MHCLG Statutory Homelessness Jul-Sep 2025 published 26 Feb 2026
E07000122,Pendle,2025Q2,259,121,90,31,13,34,15,5,2,1,1,MHCLG Statutory Homelessness Jul-Sep 2025 published 26 Feb 2026
E06000031,Peterborough,2025Q2,415,409,198,211,292,199,81,19,34,19,33,MHCLG Statutory Homelessness Jul-Sep 2025 published 26 Feb 2026
E06000026,Plymouth,2025Q2,541,420,202,218,446,376,129,16,38,27,23,MHCLG Statutory Homelessness Jul-Sep 2025 published 26 Feb 2026
E06000044,Portsmouth,2025Q2,623,580,253,327,549,329,143,11,74,43,45,MHCLG Statutory Homelessness Jul-Sep 2025 published 26 Feb 2026
E07000123,Preston,2025Q2,212,209,84,125,31,119,64,6,12,8,4,MHCLG Statutory Homelessness Jul-Sep 2025 published 26 Feb 2026
E06000038,Reading,2025Q2,477,340,187,153,408,176,63,11,16,15,18,MHCLG Statutory Homelessness Jul-Sep 2025 published 26 Feb 2026
E09000026,Redbridge,2025Q2,493,453,226,227,2874,354,83,13,3,5,9,MHCLG Statutory Homelessness Jul-Sep 2025 published 26 Feb 2026
E06000003,Redcar & Cleveland,2025Q2,,,,,,,,,,,,MHCLG Statutory Homelessness Jul-Sep 2025 published 26 Feb 2026
E07000236,Redditch,2025Q2,95,92,41,51,28,47,25,13,4,7,4,MHCLG Statutory Homelessness Jul-Sep 2025 published 26 Feb 2026
E07000211,Reigate & Banstead,2025Q2,160,144,80,64,192,125,55,13,11,10,16,MHCLG Statutory Homelessness Jul-Sep 2025 published 26 Feb 2026
E07000124,Ribble Valley,2025Q2,25,25,14,11,6,10,4,1,3,1,1,MHCLG Statutory Homelessness Jul-Sep 2025 published 26 Feb 2026
E09000027,Richmond upon Thames,2025Q2,355,198,78,120,628,61,31,9,2,4,8,MHCLG Statutory Homelessness Jul-Sep 2025 published 26 Feb 2026
E08000005,Rochdale,2025Q2,636,601,509,92,310,427,172,47,60,41,48,MHCLG Statutory Homelessness Jul-Sep 2025 published 26 Feb 2026
E07000075,Rochford,2025Q2,103,100,44,56,71,68,35,15,6,10,7,MHCLG Statutory Homelessness Jul-Sep 2025 published 26 Feb 2026
E07000125,Rossendale,2025Q2,213,172,143,29,14,127,59,21,17,15,13,MHCLG Statutory Homelessness Jul-Sep 2025 published 26 Feb 2026
E07000064,Rother,2025Q2,149,143,67,76,234,110,59,28,3,2,6,MHCLG Statutory Homelessness Jul-Sep 2025 published 26 Feb 2026
E08000018,Rotherham,2025Q2,501,391,203,188,149,292,167,23,33,20,14,MHCLG Statutory Homelessness Jul-Sep 2025 published 26 Feb 2026
E07000220,Rugby,2025Q2,89,80,29,51,48,40,18,4,5,2,5,MHCLG Statutory Homelessness Jul-Sep 2025 published 26 Feb 2026
E07000212,Runnymede,2025Q2,80,77,13,64,81,23,16,1,6,5,5,MHCLG Statutory Homelessness Jul-Sep 2025 published 26 Feb 2026
E07000176,Rushcliffe,2025Q2,60,60,25,35,9,42,16,2,2,3,1,MHCLG Statutory Homelessness Jul-Sep 2025 published 26 Feb 2026
E07000092,Rushmoor,2025Q2,86,85,66,19,,47,13,1,1,3,0,MHCLG Statutory Homelessness Jul-Sep 2025 published 26 Feb 2026
E06000017,Rutland,2025Q2,40,40,12,28,15,18,5,3,0,2,2,MHCLG Statutory Homelessness Jul-Sep 2025 published 26 Feb 2026
E08000006,Salford,2025Q2,865,751,308,443,,544,220,49,27,28,77,MHCLG Statutory Homelessness Jul-Sep 2025 published 26 Feb 2026
E08000028,Sandwell,2025Q2,403,367,207,160,247,123,14,3,1,1,0,MHCLG Statutory Homelessness Jul-Sep 2025 published 26 Feb 2026
E08000014,Sefton,2025Q2,296,283,52,231,233,179,97,16,15,8,14,MHCLG Statutory Homelessness Jul-Sep 2025 published 26 Feb 2026
E07000111,Sevenoaks,2025Q2,134,95,55,40,59,38,25,9,0,2,1,MHCLG Statutory Homelessness Jul-Sep 2025 published 26 Feb 2026
E08000039,Sheffield,2025Q2,1116,1012,451,561,642,916,610,240,113,76,185,MHCLG Statutory Homelessness Jul-Sep 2025 published 26 Feb 2026
E06000051,Shropshire,2025Q2,349,346,175,171,269,217,89,11,23,18,12,MHCLG Statutory Homelessness Jul-Sep 2025 published 26 Feb 2026
E06000039,Slough,2025Q2,236,227,110,117,1408,71,22,4,3,2,0,MHCLG Statutory Homelessness Jul-Sep 2025 published 26 Feb 2026
E08000029,Solihull,2025Q2,270,257,159,98,222,171,75,10,6,8,5,MHCLG Statutory Homelessness Jul-Sep 2025 published 26 Feb 2026
E06000066,Somerset Council (UA),2025Q2,690,678,258,420,332,438,249,62,58,42,60,MHCLG Statutory Homelessness Jul-Sep 2025 published 26 Feb 2026
E07000012,South Cambridgeshire,2025Q2,176,170,98,72,71,112,61,14,8,10,9,MHCLG Statutory Homelessness Jul-Sep 2025 published 26 Feb 2026
E07000039,South Derbyshire,2025Q2,62,62,27,35,18,13,1,3,0,0,0,MHCLG Statutory Homelessness Jul-Sep 2025 published 26 Feb 2026
E06000025,South Gloucestershire,2025Q2,288,287,172,115,243,227,93,13,7,17,7,MHCLG Statutory Homelessness Jul-Sep 2025 published 26 Feb 2026
E07000044,South Hams,2025Q2,94,89,52,37,25,31,10,0,0,1,1,MHCLG Statutory Homelessness Jul-Sep 2025 published 26 Feb 2026
E07000140,South Holland,2025Q2,130,123,61,62,17,76,46,3,13,12,11,MHCLG Statutory Homelessness Jul-Sep 2025 published 26 Feb 2026
E07000141,South Kesteven,2025Q2,198,156,88,68,50,41,24,5,4,2,7,MHCLG Statutory Homelessness Jul-Sep 2025 published 26 Feb 2026
E07000149,South Norfolk,2025Q2,122,121,37,84,64,84,25,6,3,1,2,MHCLG Statutory Homelessness Jul-Sep 2025 published 26 Feb 2026
E07000179,South Oxfordshire,2025Q2,109,109,88,21,49,67,26,4,11,7,3,MHCLG Statutory Homelessness Jul-Sep 2025 published 26 Feb 2026
E07000126,South Ribble,2025Q2,189,187,54,133,55,108,29,3,10,5,1,MHCLG Statutory Homelessness Jul-Sep 2025 published 26 Feb 2026
E07000196,South Staffordshire,2025Q2,48,47,30,17,16,29,7,1,0,0,1,MHCLG Statutory Homelessness Jul-Sep 2025 published 26 Feb 2026
E08000023,South Tyneside,2025Q2,412,412,221,191,36,278,89,12,25,22,7,MHCLG Statutory Homelessness Jul-Sep 2025 published 26 Feb 2026
E06000045,Southampton,2025Q2,500,498,378,120,414,370,142,5,110,56,65,MHCLG Statutory Homelessness Jul-Sep 2025 published 26 Feb 2026
E06000033,Southend-on-Sea,2025Q2,388,386,149,237,404,239,71,8,20,19,33,MHCLG Statutory Homelessness Jul-Sep 2025 published 26 Feb 2026
E09000028,Southwark,2025Q2,715,686,337,349,,410,187,53,20,16,47,MHCLG Statutory Homelessness Jul-Sep 2025 published 26 Feb 2026
E07000213,Spelthorne,2025Q2,94,90,52,38,211,38,16,2,5,3,4,MHCLG Statutory Homelessness Jul-Sep 2025 published 26 Feb 2026
E07000240,St Albans,2025Q2,129,127,30,97,224,78,41,4,12,8,4,MHCLG Statutory Homelessness Jul-Sep 2025 published 26 Feb 2026
E08000013,St Helens,2025Q2,207,207,113,94,44,93,40,8,13,14,13,MHCLG Statutory Homelessness Jul-Sep 2025 published 26 Feb 2026
E07000197,Stafford,2025Q2,143,129,36,93,20,99,44,14,8,5,23,MHCLG Statutory Homelessness Jul-Sep 2025 published 26 Feb 2026
E07000198,Staffordshire Moorlands,2025Q2,45,44,19,25,8,24,12,7,6,3,1,MHCLG Statutory Homelessness Jul-Sep 2025 published 26 Feb 2026
E07000243,Stevenage,2025Q2,198,196,77,119,150,110,51,10,8,6,20,MHCLG Statutory Homelessness Jul-Sep 2025 published 26 Feb 2026
E08000007,Stockport,2025Q2,336,335,195,140,199,275,125,11,21,16,12,MHCLG Statutory Homelessness Jul-Sep 2025 published 26 Feb 2026
E06000004,Stockton-on-Tees,2025Q2,616,507,281,226,31,444,328,61,99,35,57,MHCLG Statutory Homelessness Jul-Sep 2025 published 26 Feb 2026
E06000021,Stoke-on-Trent,2025Q2,537,523,243,280,94,154,69,10,16,9,16,MHCLG Statutory Homelessness Jul-Sep 2025 published 26 Feb 2026
E07000221,Stratford-on-Avon,2025Q2,139,139,35,104,49,107,74,7,11,10,13,MHCLG Statutory Homelessness Jul-Sep 2025 published 26 Feb 2026
E07000082,Stroud,2025Q2,125,124,45,79,41,69,25,1,7,7,12,MHCLG Statutory Homelessness Jul-Sep 2025 published 26 Feb 2026
E08000024,Sunderland,2025Q2,658,628,239,389,171,595,431,66,108,107,102,MHCLG Statutory Homelessness Jul-Sep 2025 published 26 Feb 2026
E07000214,Surrey Heath,2025Q2,57,53,21,32,47,35,19,4,5,5,4,MHCLG Statutory Homelessness Jul-Sep 2025 published 26 Feb 2026
E09000029,Sutton,2025Q2,247,186,68,118,1109,76,26,6,1,3,4,MHCLG Statutory Homelessness Jul-Sep 2025 published 26 Feb 2026
E07000113,Swale,2025Q2,162,151,91,60,292,135,63,12,14,10,11,MHCLG Statutory Homelessness Jul-Sep 2025 published 26 Feb 2026
E06000030,Swindon,2025Q2,361,355,176,179,,143,42,8,19,7,18,MHCLG Statutory Homelessness Jul-Sep 2025 published 26 Feb 2026
E08000008,Tameside,2025Q2,494,471,219,252,408,296,145,36,26,24,38,MHCLG Statutory Homelessness Jul-Sep 2025 published 26 Feb 2026
E07000199,Tamworth,2025Q2,62,62,26,36,31,38,24,2,0,2,0,MHCLG Statutory Homelessness Jul-Sep 2025 published 26 Feb 2026
E07000215,Tandridge,2025Q2,73,73,53,20,54,31,12,1,1,0,0,MHCLG Statutory Homelessness Jul-Sep 2025 published 26 Feb 2026
E07000045,Teignbridge,2025Q2,134,130,75,55,87,115,69,21,6,8,24,MHCLG Statutory Homelessness Jul-Sep 2025 published 26 Feb 2026
E06000020,Telford & Wrekin,2025Q2,296,291,110,181,89,163,68,16,7,10,13,MHCLG Statutory Homelessness Jul-Sep 2025 published 26 Feb 2026
E07000076,Tendring,2025Q2,217,216,80,136,185,153,104,21,15,9,12,MHCLG Statutory Homelessness Jul-Sep 2025 published 26 Feb 2026
E07000093,Test Valley,2025Q2,164,153,81,72,239,106,47,3,5,10,4,MHCLG Statutory Homelessness Jul-Sep 2025 published 26 Feb 2026
E07000083,Tewkesbury,2025Q2,113,107,62,45,28,34,12,1,3,5,3,MHCLG Statutory Homelessness Jul-Sep 2025 published 26 Feb 2026
E07000114,Thanet,2025Q2,217,178,83,95,219,91,56,17,5,8,5,MHCLG Statutory Homelessness Jul-Sep 2025 published 26 Feb 2026
E07000102,Three Rivers,2025Q2,100,66,54,12,42,66,9,2,0,2,2,MHCLG Statutory Homelessness Jul-Sep 2025 published 26 Feb 2026
E06000034,Thurrock,2025Q2,167,158,29,129,702,97,38,13,7,5,4,MHCLG Statutory Homelessness Jul-Sep 2025 published 26 Feb 2026
E07000115,Tonbridge & Malling,2025Q2,93,79,45,34,103,36,22,12,0,0,4,MHCLG Statutory Homelessness Jul-Sep 2025 published 26 Feb 2026
E06000027,Torbay,2025Q2,276,271,115,156,173,215,144,63,26,24,51,MHCLG Statutory Homelessness Jul-Sep 2025 published 26 Feb 2026
E07000046,Torridge,2025Q2,89,82,37,45,37,75,40,12,7,11,9,MHCLG Statutory Homelessness Jul-Sep 2025 published 26 Feb 2026
E09000030,Tower Hamlets,2025Q2,641,614,166,448,3092,375,174,38,58,31,98,MHCLG Statutory Homelessness Jul-Sep 2025 published 26 Feb 2026
E08000009,Trafford,2025Q2,303,299,162,137,281,185,66,15,22,19,25,MHCLG Statutory Homelessness Jul-Sep 2025 published 26 Feb 2026
E07000116,Tunbridge Wells,2025Q2,118,102,58,44,79,39,20,5,2,9,2,MHCLG Statutory Homelessness Jul-Sep 2025 published 26 Feb 2026
E07000077,Uttlesford,2025Q2,95,93,26,67,36,80,57,16,5,7,9,MHCLG Statutory Homelessness Jul-Sep 2025 published 26 Feb 2026
E07000180,Vale of White Horse,2025Q2,93,93,73,20,76,61,26,8,6,5,1,MHCLG Statutory Homelessness Jul-Sep 2025 published 26 Feb 2026
E08000036,Wakefield,2025Q2,418,409,246,163,272,213,114,22,37,32,26,MHCLG Statutory Homelessness Jul-Sep 2025 published 26 Feb 2026
E08000030,Walsall,2025Q2,166,161,49,112,136,92,29,4,10,9,8,MHCLG Statutory Homelessness Jul-Sep 2025 published 26 Feb 2026
E09000031,Waltham Forest,2025Q2,,,,,,,,,,,,MHCLG Statutory Homelessness Jul-Sep 2025 published 26 Feb 2026
E09000032,Wandsworth,2025Q2,1105,735,255,480,4048,304,120,37,24,16,26,MHCLG Statutory Homelessness Jul-Sep 2025 published 26 Feb 2026
E06000007,Warrington,2025Q2,329,317,131,186,217,297,185,55,37,31,75,MHCLG Statutory Homelessness Jul-Sep 2025 published 26 Feb 2026
E07000222,Warwick,2025Q2,180,136,32,104,55,131,80,25,16,10,35,MHCLG Statutory Homelessness Jul-Sep 2025 published 26 Feb 2026
E07000103,Watford,2025Q2,173,165,61,104,239,124,87,8,7,6,1,MHCLG Statutory Homelessness Jul-Sep 2025 published 26 Feb 2026
E07000216,Waverley,2025Q2,72,66,34,32,9,30,10,4,4,6,2,MHCLG Statutory Homelessness Jul-Sep 2025 published 26 Feb 2026
E07000065,Wealden,2025Q2,124,118,44,74,56,66,43,18,5,4,6,MHCLG Statutory Homelessness Jul-Sep 2025 published 26 Feb 2026
E07000241,Welwyn Hatfield,2025Q2,496,304,135,169,171,184,104,27,25,25,28,MHCLG Statutory Homelessness Jul-Sep 2025 published 26 Feb 2026
E06000037,West Berkshire,2025Q2,139,135,50,85,163,110,57,18,8,8,4,MHCLG Statutory Homelessness Jul-Sep 2025 published 26 Feb 2026
E07000047,West Devon,2025Q2,42,40,30,10,20,19,6,4,0,0,1,MHCLG Statutory Homelessness Jul-Sep 2025 published 26 Feb 2026
E07000127,West Lancashire,2025Q2,50,48,16,32,39,17,7,3,1,0,0,MHCLG Statutory Homelessness Jul-Sep 2025 published 26 Feb 2026
E07000142,West Lindsey,2025Q2,174,165,83,82,14,126,63,7,29,17,3,MHCLG Statutory Homelessness Jul-Sep 2025 published 26 Feb 2026
E06000062,West Northamptonshire,2025Q2,480,461,125,336,780,207,85,10,27,17,22,MHCLG Statutory Homelessness Jul-Sep 2025 published 26 Feb 2026
E07000181,West Oxfordshire,2025Q2,151,134,87,47,71,86,49,16,5,5,11,MHCLG Statutory Homelessness Jul-Sep 2025 published 26 Feb 2026
E07000245,West Suffolk,2025Q2,195,191,102,89,72,130,80,21,14,19,16,MHCLG Statutory Homelessness Jul-Sep 2025 published 26 Feb 2026
E09000033,Westminster,2025Q2,765,651,111,540,4637,318,136,16,13,13,17,MHCLG Statutory Homelessness Jul-Sep 2025 published 26 Feb 2026
E06000064,Westmorland and Furness Council,2025Q2,245,240,94,146,68,221,150,39,27,31,53,MHCLG Statutory Homelessness Jul-Sep 2025 published 26 Feb 2026
E08000010,Wigan,2025Q2,680,674,288,386,261,489,277,76,64,54,49,MHCLG Statutory Homelessness Jul-Sep 2025 published 26 Feb 2026
E06000054,Wiltshire,2025Q2,462,444,232,212,112,223,86,18,19,35,20,MHCLG Statutory Homelessness Jul-Sep 2025 published 26 Feb 2026
E07000094,Winchester,2025Q2,101,92,51,41,92,66,25,3,2,7,0,MHCLG Statutory Homelessness Jul-Sep 2025 published 26 Feb 2026
E06000040,Windsor & Maidenhead,2025Q2,110,110,33,77,307,59,30,2,3,2,3,MHCLG Statutory Homelessness Jul-Sep 2025 published 26 Feb 2026
E08000015,Wirral,2025Q2,368,363,99,264,198,339,193,69,42,34,58,MHCLG Statutory Homelessness Jul-Sep 2025 published 26 Feb 2026
E07000217,Woking,2025Q2,124,109,64,45,127,54,26,1,3,1,1,MHCLG Statutory Homelessness Jul-Sep 2025 published 26 Feb 2026
E06000041,Wokingham,2025Q2,174,165,92,73,92,112,37,15,6,3,3,MHCLG Statutory Homelessness Jul-Sep 2025 published 26 Feb 2026
E08000031,Wolverhampton,2025Q2,773,461,100,361,330,240,95,13,16,14,1,MHCLG Statutory Homelessness Jul-Sep 2025 published 26 Feb 2026
E07000237,Worcester,2025Q2,176,167,77,90,61,115,41,6,8,9,3,MHCLG Statutory Homelessness Jul-Sep 2025 published 26 Feb 2026
E07000229,Worthing,2025Q2,179,169,79,90,498,108,63,6,17,11,6,MHCLG Statutory Homelessness Jul-Sep 2025 published 26 Feb 2026
E07000238,Wychavon,2025Q2,139,129,32,97,43,54,20,5,3,5,1,MHCLG Statutory Homelessness Jul-Sep 2025 published 26 Feb 2026
E07000128,Wyre,2025Q2,107,100,68,32,19,77,41,14,8,7,5,MHCLG Statutory Homelessness Jul-Sep 2025 published 26 Feb 2026
E07000239,Wyre Forest,2025Q2,175,175,71,104,45,106,37,3,11,8,3,MHCLG Statutory Homelessness Jul-Sep 2025 published 26 Feb 2026
E06000014,York,2025Q2,226,224,156,68,64,168,39,2,22,15,3,MHCLG Statutory Homelessness Jul-Sep 2025 published 26 Feb 2026
